Gender,Senior Citizen,Partner,Dependents,Tenure Months,Phone Service,Multiple Lines,Online Security,Online Backup,Device Protection,Tech Support,Streaming TV,Streaming Movies,Paperless Billing,Monthly Charges,Total Charges,Churn Value,IS_DSL,IS_Fiber optic,IS_No,Contract_Month-to-month,Contract_One year,Contract_Two year,PM_Bank transfer (automatic),PM_Credit card (automatic),PM_Electronic check,PM_Mailed check,Reason_Attitude of service provider,Reason_Attitude of support person,Reason_Competitor had better devices,Reason_Competitor made better offer,Reason_Competitor offered higher download speeds,Reason_Competitor offered more data,Reason_Deceased,Reason_Don't know,Reason_Extra data charges,Reason_Lack of affordable download/upload speed,Reason_Lack of self-service on Website,Reason_Limited range of services,Reason_Long distance charges,Reason_Moved,Reason_Network reliability,Reason_None,Reason_Poor expertise of online support,Reason_Poor expertise of phone support,Reason_Price too high,Reason_Product dissatisfaction,Reason_Service dissatisfaction,Churn Probability
0,1,0,0,3,1,1,0,0,0,0,1,1,1,94.85,335.75,0,0,1,0,1,0,0,0,0,1,0,0,0,0,0,0,0,0,0,0,0,0,0,0,0,0,1,0,0,0,0,0,0.015232215953323138
0,1,0,0,11,1,1,0,1,1,1,1,1,1,111.4,1183.05,0,0,1,0,1,0,0,0,0,1,0,0,0,0,0,0,0,0,0,0,0,0,0,0,0,0,1,0,0,0,0,0,0.014125082341116656
1,1,0,0,2,1,1,0,0,0,0,0,1,1,84.05,186.05,0,0,1,0,1,0,0,0,0,1,0,0,0,0,0,0,0,0,0,0,0,0,0,0,0,0,1,0,0,0,0,0,0.01382457149545452
0,1,0,0,4,1,0,0,0,1,0,1,1,1,94.75,422.4,0,0,1,0,1,0,0,0,0,1,0,0,0,0,0,0,0,0,0,0,0,0,0,0,0,0,1,0,0,0,0,0,0.013759573756931268
1,1,0,0,6,1,0,0,0,0,0,1,1,1,89.35,567.8,0,0,1,0,1,0,0,0,0,1,0,0,0,0,0,0,0,0,0,0,0,0,0,0,0,0,1,0,0,0,0,0,0.013573048501286392
1,1,0,0,13,1,0,0,0,1,0,1,1,1,96.85,1235.55,0,0,1,0,1,0,0,0,0,1,0,0,0,0,0,0,0,0,0,0,0,0,0,0,0,0,1,0,0,0,0,0,0.013290925227267528
1,1,0,0,7,1,0,0,0,0,0,1,1,1,89.15,574.35,0,0,1,0,1,0,0,0,0,1,0,0,0,0,0,0,0,0,0,0,0,0,0,0,0,0,1,0,0,0,0,0,0.013253699520078155
0,0,0,0,3,1,0,0,1,1,1,1,1,1,107.95,318.6,0,0,1,0,1,0,0,0,0,1,0,0,0,0,0,0,0,0,0,0,0,0,0,0,0,0,1,0,0,0,0,0,0.012975776192953202
0,1,0,0,14,1,1,0,0,0,0,1,1,1,95.6,1273.3,0,0,1,0,1,0,0,0,0,1,0,0,0,0,0,0,0,0,0,0,0,0,0,0,0,0,1,0,0,0,0,0,0.012754215821001095
1,1,0,0,17,1,1,0,0,0,0,1,1,1,94.2,1608.15,0,0,1,0,1,0,0,0,0,1,0,0,0,0,0,0,0,0,0,0,0,0,0,0,0,0,1,0,0,0,0,0,0.012513064602002502
1,1,0,0,9,1,1,0,0,1,0,1,0,1,90.1,816.8,0,0,1,0,1,0,0,0,0,1,0,0,0,0,0,0,0,0,0,0,0,0,0,0,0,0,1,0,0,0,0,0,0.01246630457014316
0,1,0,0,17,1,0,0,1,1,0,1,1,1,101.8,1752.45,0,0,1,0,1,0,0,0,0,1,0,0,0,0,0,0,0,0,0,0,0,0,0,0,0,0,1,0,0,0,0,0,0.012337197110958494
0,0,0,0,3,1,0,0,0,0,0,1,1,1,92.0,266.8,0,0,1,0,1,0,0,0,0,1,0,0,0,0,0,0,0,0,0,0,0,0,0,0,0,0,1,0,0,0,0,0,0.012325662782815204
1,0,0,0,1,1,0,0,0,0,1,1,1,1,95.85,95.85,0,0,1,0,1,0,0,0,0,1,0,0,0,0,0,0,0,0,0,0,0,0,0,0,0,0,1,0,0,0,0,0,0.012275426604822084
1,0,0,0,15,1,1,0,1,0,0,1,1,1,100.15,1415.0,0,0,1,0,1,0,0,0,0,1,0,0,0,0,0,0,0,0,0,0,0,0,0,0,0,0,1,0,0,0,0,0,0.012273108216722294
1,1,0,0,8,1,0,0,1,0,0,1,0,1,87.1,713.6,0,0,1,0,1,0,0,0,0,1,0,0,0,0,0,0,0,0,0,0,0,0,0,0,0,0,1,0,0,0,0,0,0.012238996452170777
1,1,0,0,15,1,0,0,0,0,0,1,1,1,91.5,1400.3,0,0,1,0,1,0,0,0,0,1,0,0,0,0,0,0,0,0,0,0,0,0,0,0,0,0,1,0,0,0,0,0,0.01222773544513611
0,1,0,0,21,1,1,0,1,1,0,1,1,1,104.35,2271.85,0,0,1,0,1,0,0,0,0,1,0,0,0,0,0,0,0,0,0,0,0,0,0,0,0,0,1,0,0,0,0,0,0.012143952454415173
1,1,1,0,4,1,1,0,0,0,0,1,0,1,83.25,308.05,0,0,1,0,1,0,0,0,0,1,0,0,0,0,0,0,0,0,0,0,0,0,0,0,0,0,1,0,0,0,0,0,0.01213414823866223
1,1,0,0,5,1,0,0,1,0,0,1,0,1,84.7,392.5,0,0,1,0,1,0,0,0,0,1,0,0,0,0,0,0,0,0,0,0,0,0,0,0,0,0,1,0,0,0,0,0,0.012117465393767068
1,1,1,0,15,1,0,0,1,0,0,1,1,1,94.65,1285.05,0,0,1,0,1,0,0,0,0,1,0,0,0,0,0,0,0,0,0,0,0,0,0,0,0,0,1,0,0,0,0,0,0.012102336609965644
1,0,1,0,6,1,1,0,1,0,0,0,1,1,90.75,512.25,0,0,1,0,1,0,0,0,0,1,0,0,0,0,0,0,0,0,0,0,0,0,0,0,0,0,1,0,0,0,0,0,0.01206179995426815
0,1,0,0,5,1,0,0,1,0,0,0,1,1,85.55,408.5,0,0,1,0,1,0,0,0,0,1,0,0,0,0,0,0,0,0,0,0,0,0,0,0,0,0,1,0,0,0,0,0,0.012060167784320529
0,0,0,0,7,1,1,0,0,0,0,1,1,1,94.1,701.3,0,0,1,0,1,0,0,0,0,1,0,0,0,0,0,0,0,0,0,0,0,0,0,0,0,0,1,0,0,0,0,0,0.011981638324280019
1,1,1,0,19,1,1,0,0,0,0,1,1,1,94.95,1760.25,0,0,1,0,1,0,0,0,0,1,0,0,0,0,0,0,0,0,0,0,0,0,0,0,0,0,1,0,0,0,0,0,0.011957112700074185
0,1,1,0,7,1,0,0,0,0,0,1,1,1,89.0,605.45,0,0,1,0,1,0,0,0,0,1,0,0,0,0,0,0,0,0,0,0,0,0,0,0,0,0,1,0,0,0,0,0,0.011943456685536914
0,0,0,0,1,1,0,0,0,0,0,1,1,1,89.25,89.25,0,0,1,0,1,0,0,0,0,1,0,0,0,0,0,0,0,0,0,0,0,0,0,0,0,0,1,0,0,0,0,0,0.011880699300193462
1,0,0,0,1,1,1,0,0,0,0,1,0,1,84.6,84.6,0,0,1,0,1,0,0,0,0,1,0,0,0,0,0,0,0,0,0,0,0,0,0,0,0,0,1,0,0,0,0,0,0.011777284927589395
0,1,1,0,2,1,0,0,0,1,0,1,1,1,95.5,181.65,0,0,1,0,1,0,0,0,1,0,0,0,0,0,0,0,0,0,0,0,0,0,0,0,0,0,1,0,0,0,0,0,0.011679471704137537
1,1,1,0,17,1,1,0,0,0,0,1,1,1,92.55,1614.7,0,0,1,0,1,0,0,0,0,1,0,0,0,0,0,0,0,0,0,0,0,0,0,0,0,0,1,0,0,0,0,0,0.011635197030108502
1,0,0,0,6,1,1,0,1,0,0,1,0,1,89.75,552.65,0,0,1,0,1,0,0,0,0,1,0,0,0,0,0,0,0,0,0,0,0,0,0,0,0,0,1,0,0,0,0,0,0.011578967754928237
1,1,0,0,8,1,1,0,0,0,1,1,1,1,100.15,908.55,0,0,1,0,1,0,0,0,1,0,0,0,0,0,0,0,0,0,0,0,0,0,0,0,0,0,1,0,0,0,0,0,0.011509862092835395
0,1,1,0,17,1,1,0,0,0,0,1,1,1,94.8,1563.9,0,0,1,0,1,0,0,0,0,1,0,0,0,0,0,0,0,0,0,0,0,0,0,0,0,0,1,0,0,0,0,0,0.011494604163633584
0,0,1,0,2,1,1,0,0,1,0,1,0,1,91.45,171.45,0,0,1,0,1,0,0,0,0,1,0,0,0,0,0,0,0,0,0,0,0,0,0,0,0,0,1,0,0,0,0,0,0.011414210301486363
0,1,1,0,23,1,1,0,1,1,0,1,1,1,104.45,2184.85,0,0,1,0,1,0,0,0,0,1,0,0,0,0,0,0,0,0,0,0,0,0,0,0,0,0,1,0,0,0,0,0,0.011386266164642462
1,0,0,0,7,1,0,0,0,1,1,1,1,1,100.4,715.0,0,0,1,0,1,0,0,0,0,1,0,0,0,0,0,0,0,0,0,0,0,0,0,0,0,0,1,0,0,0,0,0,0.01132304351253033
1,1,0,0,7,1,0,0,0,1,0,1,0,1,84.35,609.65,0,0,1,0,1,0,0,0,0,1,0,0,0,0,0,0,0,0,0,0,0,0,0,0,0,0,1,0,0,0,0,0,0.011238510568863283
0,0,0,0,5,1,1,0,1,1,0,1,1,0,105.3,550.6,0,0,1,0,1,0,0,0,0,1,0,0,0,0,0,0,0,0,0,0,0,0,0,0,0,0,1,0,0,0,0,0,0.011135833722480028
1,0,1,0,2,1,1,0,0,0,0,1,0,1,84.05,134.05,0,0,1,0,1,0,0,0,0,1,0,0,0,0,0,0,0,0,0,0,0,0,0,0,0,0,1,0,0,0,0,0,0.011069255414155516
1,1,0,0,2,1,0,0,1,0,0,1,0,1,83.8,163.7,0,0,1,0,1,0,0,1,0,0,0,0,0,0,0,0,0,0,0,0,0,0,0,0,0,0,1,0,0,0,0,0,0.011049361287324078
0,0,0,0,10,1,1,0,1,1,0,0,1,1,95.25,1021.55,0,0,1,0,1,0,0,0,0,1,0,0,0,0,0,0,0,0,0,0,0,0,0,0,0,0,1,0,0,0,0,0,0.011048538397411095
1,1,0,0,30,1,1,0,1,1,0,1,1,1,104.1,3121.1,0,0,1,0,1,0,0,0,0,1,0,0,0,0,0,0,0,0,0,0,0,0,0,0,0,0,1,0,0,0,0,0,0.011025952872324215
0,0,0,0,1,1,0,0,1,0,0,0,1,1,85.0,85.0,0,0,1,0,1,0,0,0,0,1,0,0,0,0,0,0,0,0,0,0,0,0,0,0,0,0,1,0,0,0,0,0,0.011006443945583302
1,1,0,0,4,1,1,0,0,0,0,0,0,1,74.45,294.45,0,0,1,0,1,0,0,0,0,1,0,0,0,0,0,0,0,0,0,0,0,0,0,0,0,0,1,0,0,0,0,0,0.01093504974400388
1,1,0,0,1,1,1,0,0,0,0,0,0,1,72.1,72.1,0,0,1,0,1,0,0,0,0,1,0,0,0,0,0,0,0,0,0,0,0,0,0,0,0,0,1,0,0,0,0,0,0.010848609566667231
1,0,0,0,4,1,1,0,0,0,1,1,1,1,100.85,399.25,0,0,1,0,1,0,0,0,0,0,1,0,0,0,0,0,0,0,0,0,0,0,0,0,0,0,1,0,0,0,0,0,0.010815685218252212
1,0,0,0,5,1,1,0,0,0,0,1,0,1,84.0,424.75,0,0,1,0,1,0,0,0,0,1,0,0,0,0,0,0,0,0,0,0,0,0,0,0,0,0,1,0,0,0,0,0,0.01078707376566559
1,1,1,0,28,1,1,0,1,1,1,1,1,1,110.85,3204.4,0,0,1,0,1,0,0,0,0,1,0,0,0,0,0,0,0,0,0,0,0,0,0,0,0,0,1,0,0,0,0,0,0.010742782427941695
1,1,0,0,1,1,0,0,0,0,0,0,0,1,71.25,71.25,0,0,1,0,1,0,0,0,0,1,0,0,0,0,0,0,0,0,0,0,0,0,0,0,0,0,1,0,0,0,0,0,0.010741962128092274
1,0,1,0,3,1,1,0,0,0,0,1,1,0,94.9,273.2,0,0,1,0,1,0,0,0,0,1,0,0,0,0,0,0,0,0,0,0,0,0,0,0,0,0,1,0,0,0,0,0,0.010696650249734457
1,0,0,0,12,1,1,0,1,0,0,0,1,1,89.15,1057.55,0,0,1,0,1,0,0,0,0,1,0,0,0,0,0,0,0,0,0,0,0,0,0,0,0,0,1,0,0,0,0,0,0.010689686240114753
1,1,0,0,21,1,1,0,0,0,0,1,1,1,95.4,2025.1,0,0,1,0,1,0,0,1,0,0,0,0,0,0,0,0,0,0,0,0,0,0,0,0,0,0,1,0,0,0,0,0,0.010638697109123928
0,0,0,0,9,1,0,0,0,1,0,1,1,1,94.05,811.65,0,0,1,0,1,0,0,0,0,1,0,0,0,0,0,0,0,0,0,0,0,0,0,0,0,0,1,0,0,0,0,0,0.010636021169795102
1,0,0,0,12,1,1,0,0,0,0,0,1,1,86.55,1066.9,0,0,1,0,1,0,0,0,0,1,0,0,0,0,0,0,0,0,0,0,0,0,0,0,0,0,1,0,0,0,0,0,0.010634885827204336
1,0,0,0,3,1,0,0,1,0,0,1,1,0,95.4,293.15,0,0,1,0,1,0,0,0,0,1,0,0,0,0,0,0,0,0,0,0,0,0,0,0,0,0,1,0,0,0,0,0,0.010607570547786754
1,0,0,0,24,1,1,0,1,1,0,1,1,1,104.15,2494.65,0,0,1,0,1,0,0,0,0,1,0,0,0,0,0,0,0,0,0,0,0,0,0,0,0,0,1,0,0,0,0,0,0.010587151225362641
1,1,0,0,1,1,0,0,0,0,0,0,0,1,70.2,70.2,0,0,1,0,1,0,0,0,0,1,0,0,0,0,0,0,0,0,0,0,0,0,0,0,0,0,1,0,0,0,0,0,0.010447514880500133
0,0,1,0,17,1,1,0,1,1,0,1,1,1,102.55,1742.5,0,0,1,0,1,0,0,0,0,1,0,0,0,0,0,0,0,0,0,0,0,0,0,0,0,0,1,0,0,0,0,0,0.010397659043134035
0,0,0,0,14,1,0,0,0,0,0,1,1,1,92.9,1337.45,0,0,1,0,1,0,0,0,0,1,0,0,0,0,0,0,0,0,0,0,0,0,0,0,0,0,1,0,0,0,0,0,0.010366839328618519
0,1,0,0,6,1,0,0,0,0,0,1,0,1,79.7,497.6,0,0,1,0,1,0,0,0,0,1,0,0,0,0,0,0,0,0,0,0,0,0,0,0,0,0,1,0,0,0,0,0,0.010348493008421325
1,0,0,0,3,1,0,0,0,0,0,1,0,1,80.5,232.35,0,0,1,0,1,0,0,0,0,1,0,0,0,0,0,0,0,0,0,0,0,0,0,0,0,0,1,0,0,0,0,0,0.010321027721358976
0,0,0,0,9,1,1,0,1,0,0,1,1,1,99.3,918.75,0,0,1,0,1,0,0,0,1,0,0,0,0,0,0,0,0,0,0,0,0,0,0,0,0,0,1,0,0,0,0,0,0.010293093011654089
1,0,0,0,13,1,1,0,0,0,0,0,1,1,85.95,1215.65,0,0,1,0,1,0,0,0,0,1,0,0,0,0,0,0,0,0,0,0,0,0,0,0,0,0,1,0,0,0,0,0,0.010285438311069315
0,1,1,0,6,1,1,0,0,1,0,0,0,1,80.8,457.1,0,0,1,0,1,0,0,0,0,1,0,0,0,0,0,0,0,0,0,0,0,0,0,0,0,0,1,0,0,0,0,0,0.010271022210418042
0,0,0,0,22,1,1,0,1,0,0,1,1,1,100.65,2415.95,0,0,1,0,1,0,0,0,0,1,0,0,0,0,0,0,0,0,0,0,0,0,0,0,0,0,1,0,0,0,0,0,0.010241282842637868
0,0,0,0,3,1,1,0,1,1,0,1,1,0,107.95,313.6,0,0,1,0,1,0,0,0,0,0,1,0,0,0,0,0,0,0,0,0,0,0,0,0,0,0,1,0,0,0,0,0,0.01020661825091857
0,1,0,0,9,1,0,0,0,0,0,0,1,1,79.55,718.55,0,0,1,0,1,0,0,0,0,1,0,0,0,0,0,0,0,0,0,0,0,0,0,0,0,0,1,0,0,0,0,0,0.010201975575231418
1,0,0,0,11,1,1,0,0,1,0,1,0,1,89.2,990.3,0,0,1,0,1,0,0,0,0,1,0,0,0,0,0,0,0,0,0,0,0,0,0,0,0,0,1,0,0,0,0,0,0.010117677841237077
1,0,0,0,2,1,0,1,1,0,0,1,0,1,91.15,168.5,0,0,1,0,1,0,0,0,0,1,0,0,0,0,0,0,0,0,0,0,0,0,0,0,0,0,1,0,0,0,0,0,0.010094488172429784
0,0,0,0,3,1,0,0,0,0,0,0,1,1,80.35,253.8,0,0,1,0,1,0,0,0,0,1,0,0,0,0,0,0,0,0,0,0,0,0,0,0,0,0,1,0,0,0,0,0,0.010004156142552883
1,1,0,0,8,1,1,0,0,0,0,0,1,0,85.2,695.75,0,0,1,0,1,0,0,0,0,1,0,0,0,0,0,0,0,0,0,0,0,0,0,0,0,0,1,0,0,0,0,0,0.009985261994352434
0,0,0,0,1,1,0,0,0,0,0,1,0,1,80.55,80.55,0,0,1,0,1,0,0,0,0,1,0,0,0,0,0,0,0,0,0,0,0,0,0,0,0,0,1,0,0,0,0,0,0.00997715410165179
1,0,1,0,19,1,0,0,0,1,0,1,1,1,96.8,1743.05,0,0,1,0,1,0,0,0,0,1,0,0,0,0,0,0,0,0,0,0,0,0,0,0,0,0,1,0,0,0,0,0,0.009971035054082466
1,0,1,0,8,1,1,0,0,0,1,0,1,1,90.25,743.75,0,0,1,0,1,0,0,0,0,1,0,0,0,0,0,0,0,0,0,0,0,0,0,0,0,0,1,0,0,0,0,0,0.009891007045098698
1,1,0,0,18,1,1,0,1,0,1,1,1,1,103.6,1806.35,0,0,1,0,1,0,0,0,1,0,0,0,0,0,0,0,0,0,0,0,0,0,0,0,0,0,1,0,0,0,0,0,0.009887336393342437
0,0,0,0,7,1,1,0,0,0,0,1,1,0,96.2,639.7,0,0,1,0,1,0,0,0,0,1,0,0,0,0,0,0,0,0,0,0,0,0,0,0,0,0,1,0,0,0,0,0,0.009878845003840486
1,1,0,0,4,1,1,1,0,0,0,0,0,1,80.25,303.7,0,0,1,0,1,0,0,0,0,1,0,0,0,0,0,0,0,0,0,0,0,0,0,0,0,0,1,0,0,0,0,0,0.009844613275068373
1,1,0,0,18,1,0,0,0,1,0,0,1,1,84.95,1443.65,0,0,1,0,1,0,0,0,0,1,0,0,0,0,0,0,0,0,0,0,0,0,0,0,0,0,1,0,0,0,0,0,0.009780695481607357
1,0,1,0,21,1,1,0,0,0,0,1,1,1,94.3,1948.35,0,0,1,0,1,0,0,0,0,1,0,0,0,0,0,0,0,0,0,0,0,0,0,0,0,0,1,0,0,0,0,0,0.009768998429837403
0,1,0,0,26,1,1,0,0,0,0,1,1,1,93.6,2404.1,0,0,1,0,1,0,0,0,0,1,0,0,0,0,0,0,0,0,0,0,0,0,0,0,0,0,1,0,0,0,0,0,0.009756137441618892
0,0,0,0,5,1,1,0,1,1,0,0,1,0,96.55,500.1,0,0,1,0,1,0,0,0,0,1,0,0,0,0,0,0,0,0,0,0,0,0,0,0,0,0,1,0,0,0,0,0,0.009755337585944499
1,0,0,0,3,1,0,0,1,0,1,1,1,1,75.3,244.1,0,1,0,0,1,0,0,0,0,1,0,0,0,0,0,0,0,0,0,0,0,0,0,0,0,0,1,0,0,0,0,0,0.009745451071207287
0,0,0,0,2,1,1,0,1,0,0,0,0,1,79.45,145.15,0,0,1,0,1,0,0,0,0,1,0,0,0,0,0,0,0,0,0,0,0,0,0,0,0,0,1,0,0,0,0,0,0.009741524750265728
1,1,1,0,2,1,0,0,0,0,0,0,0,1,69.3,153.8,0,0,1,0,1,0,0,0,0,1,0,0,0,0,0,0,0,0,0,0,0,0,0,0,0,0,1,0,0,0,0,0,0.009730510569839637
0,0,0,0,9,1,1,0,0,0,0,1,0,1,85.5,791.7,0,0,1,0,1,0,0,0,0,1,0,0,0,0,0,0,0,0,0,0,0,0,0,0,0,0,1,0,0,0,0,0,0.009726614536034647
1,0,0,0,4,1,1,0,0,0,0,0,0,1,75.65,302.35,0,0,1,0,1,0,0,0,0,1,0,0,0,0,0,0,0,0,0,0,0,0,0,0,0,0,1,0,0,0,0,0,0.009724659479256333
1,0,0,0,3,1,1,0,0,0,0,0,0,1,74.95,212.4,0,0,1,0,1,0,0,0,0,1,0,0,0,0,0,0,0,0,0,0,0,0,0,0,0,0,1,0,0,0,0,0,0.009719223715427574
0,0,1,0,18,1,1,0,0,0,0,1,1,1,94.75,1691.9,0,0,1,0,1,0,0,0,0,1,0,0,0,0,0,0,0,0,0,0,0,0,0,0,0,0,1,0,0,0,0,0,0.00971606018281284
0,1,0,0,1,1,0,0,0,0,0,0,0,1,70.05,70.05,0,0,1,0,1,0,0,0,0,1,0,0,0,0,0,0,0,0,0,0,0,0,0,0,0,0,1,0,0,0,0,0,0.009689285279157973
0,0,0,0,2,1,0,0,0,0,0,1,0,1,79.95,174.45,0,0,1,0,1,0,0,0,0,1,0,0,0,0,0,0,0,0,0,0,0,0,0,0,0,0,1,0,0,0,0,0,0.009645172976273547
0,1,1,0,7,1,1,0,0,0,0,0,0,1,75.4,533.05,0,0,1,0,1,0,0,0,0,1,0,0,0,0,0,0,0,0,0,0,0,0,0,0,0,0,1,0,0,0,0,0,0.009605882462581868
0,1,1,0,28,1,1,0,1,0,1,1,1,1,105.8,2998.0,0,0,1,0,1,0,0,0,0,1,0,0,0,0,0,0,0,0,0,0,0,0,0,0,0,0,1,0,0,0,0,0,0.009599814440182384
1,0,0,0,12,1,0,0,1,0,0,0,1,1,84.6,1017.35,0,0,1,0,1,0,0,0,0,1,0,0,0,0,0,0,0,0,0,0,0,0,0,0,0,0,1,0,0,0,0,0,0.0095940531395722
0,1,0,0,11,1,0,0,0,0,0,0,1,1,78.5,874.2,0,0,1,0,1,0,0,0,0,1,0,0,0,0,0,0,0,0,0,0,0,0,0,0,0,0,1,0,0,0,0,0,0.009570054984817283
1,0,0,0,7,1,0,0,0,0,0,1,1,1,66.85,458.1,0,1,0,0,1,0,0,0,0,1,0,0,0,0,0,0,0,0,0,0,0,0,0,0,0,0,1,0,0,0,0,0,0.00955556306092574
1,1,0,0,7,1,0,0,1,1,0,1,0,1,64.95,493.65,0,1,0,0,1,0,0,0,0,1,0,0,0,0,0,0,0,0,0,0,0,0,0,0,0,0,1,0,0,0,0,0,0.009527271473059403
1,0,0,0,23,1,1,0,0,0,0,1,1,1,93.5,2341.55,0,0,1,0,1,0,0,0,0,1,0,0,0,0,0,0,0,0,0,0,0,0,0,0,0,0,1,0,0,0,0,0,0.0095153379068366
0,0,1,0,15,1,1,0,0,1,1,1,1,1,103.45,1539.8,0,0,1,0,1,0,0,0,0,1,0,0,0,0,0,0,0,0,0,0,0,0,0,0,0,0,1,0,0,0,0,0,0.009500936077633972
1,0,0,0,6,1,0,0,0,1,1,0,1,1,89.25,487.05,0,0,1,0,1,0,0,0,0,1,0,0,0,0,0,0,0,0,0,0,0,0,0,0,0,0,1,0,0,0,0,0,0.009471359600859108
0,1,1,0,7,1,1,0,0,0,0,0,0,1,74.85,485.25,0,0,1,0,1,0,0,0,0,1,0,0,0,0,0,0,0,0,0,0,0,0,0,0,0,0,1,0,0,0,0,0,0.009463573856626778
1,1,0,0,20,1,0,0,0,0,0,0,1,1,81.45,1671.6,0,0,1,0,1,0,0,0,0,1,0,0,0,0,0,0,0,0,0,0,0,0,0,0,0,0,1,0,0,0,0,0,0.009452179844442908
0,0,0,0,4,1,0,0,0,1,1,0,1,1,90.4,356.65,0,0,1,0,1,0,0,0,0,1,0,0,0,0,0,0,0,0,0,0,0,0,0,0,0,0,1,0,0,0,0,0,0.009427820118728496
0,0,0,0,1,1,1,0,0,0,0,0,0,1,75.1,75.1,0,0,1,0,1,0,0,0,0,1,0,0,0,0,0,0,0,0,0,0,0,0,0,0,0,0,1,0,0,0,0,0,0.009421151638070998
1,0,0,0,5,1,1,0,1,0,0,0,1,1,64.0,370.25,0,1,0,0,1,0,0,0,0,1,0,0,0,0,0,0,0,0,0,0,0,0,0,0,0,0,1,0,0,0,0,0,0.009409143545078602
0,0,0,0,22,1,1,0,0,0,0,1,1,1,95.1,2162.6,0,0,1,0,1,0,0,0,0,1,0,0,0,0,0,0,0,0,0,0,0,0,0,0,0,0,1,0,0,0,0,0,0.009404641735979052
0,1,1,0,2,1,0,0,0,1,0,0,0,1,74.2,140.1,0,0,1,0,1,0,0,0,0,1,0,0,0,0,0,0,0,0,0,0,0,0,0,0,0,0,1,0,0,0,0,0,0.009387698615410956
0,0,0,0,12,1,1,0,0,1,0,1,0,1,89.55,1021.75,0,0,1,0,1,0,0,0,0,1,0,0,0,0,0,0,0,0,0,0,0,0,0,0,0,0,1,0,0,0,0,0,0.009334737423084235
1,0,0,0,16,1,0,0,1,0,0,0,1,1,86.25,1340.1,0,0,1,0,1,0,0,0,0,1,0,0,0,0,0,0,0,0,0,0,0,0,0,0,0,0,1,0,0,0,0,0,0.009324430928657802
0,1,0,0,4,1,0,0,0,0,0,0,0,1,70.65,293.85,0,0,1,0,1,0,0,0,0,1,0,0,0,0,0,0,0,0,0,0,0,0,0,0,0,0,1,0,0,0,0,0,0.009324246876263575
0,1,1,0,23,1,0,0,0,0,0,1,1,1,90.45,2117.25,0,0,1,0,1,0,0,0,0,1,0,0,0,0,0,0,0,0,0,0,0,0,0,0,0,0,1,0,0,0,0,0,0.009315178273331151
0,0,0,0,15,1,1,1,0,0,0,1,1,1,99.7,1566.75,0,0,1,0,1,0,0,0,0,1,0,0,0,0,0,0,0,0,0,0,0,0,0,0,0,0,1,0,0,0,0,0,0.009303099435489943
1,0,0,0,11,1,0,0,1,1,1,0,1,1,94.2,999.9,0,0,1,0,1,0,0,0,0,1,0,0,0,0,0,0,0,0,0,0,0,0,0,0,0,0,1,0,0,0,0,0,0.009265377325461068
0,1,1,0,15,1,1,1,0,1,0,1,0,1,96.5,1392.25,0,0,1,0,1,0,0,0,0,1,0,0,0,0,0,0,0,0,0,0,0,0,0,0,0,0,1,0,0,0,0,0,0.009260691454769026
1,1,1,0,26,1,1,0,0,1,0,1,1,1,98.1,2510.7,0,0,1,0,1,0,0,1,0,0,0,0,0,0,0,0,0,0,0,0,0,0,0,0,0,0,1,0,0,0,0,0,0.009234969036943872
1,1,1,0,5,1,0,0,0,0,0,0,0,1,69.35,341.6,0,0,1,0,1,0,0,0,0,1,0,0,0,0,0,0,0,0,0,0,0,0,0,0,0,0,1,0,0,0,0,0,0.009225986018959744
1,0,1,0,9,1,0,0,0,0,0,0,1,1,79.75,769.1,0,0,1,0,1,0,0,0,0,1,0,0,0,0,0,0,0,0,0,0,0,0,0,0,0,0,1,0,0,0,0,0,0.009218098737288226
0,1,0,0,9,1,1,0,0,0,0,0,0,1,74.05,678.45,0,0,1,0,1,0,0,0,0,1,0,0,0,0,0,0,0,0,0,0,0,0,0,0,0,0,1,0,0,0,0,0,0.009204064746119015
0,0,0,0,1,1,0,0,0,1,1,1,1,1,75.5,75.5,0,1,0,0,1,0,0,0,0,1,0,0,0,0,0,0,0,0,0,0,0,0,0,0,0,0,1,0,0,0,0,0,0.009172753199381708
1,0,0,0,9,1,1,0,0,0,0,0,0,1,76.85,663.55,0,0,1,0,1,0,0,0,0,1,0,0,0,0,0,0,0,0,0,0,0,0,0,0,0,0,1,0,0,0,0,0,0.00916936212607933
1,0,0,0,7,1,1,0,0,0,0,0,0,1,75.35,564.65,0,0,1,0,1,0,0,0,0,1,0,0,0,0,0,0,0,0,0,0,0,0,0,0,0,0,1,0,0,0,0,0,0.009140374617574476
1,0,1,0,19,1,1,0,1,0,0,0,1,1,89.1,1620.8,0,0,1,0,1,0,0,0,0,1,0,0,0,0,0,0,0,0,0,0,0,0,0,0,0,0,1,0,0,0,0,0,0.00913728020855654
1,0,0,0,6,1,0,0,1,0,0,0,1,1,85.95,514.6,0,0,1,0,1,0,0,0,0,0,1,0,0,0,0,0,0,0,0,0,0,0,0,0,0,0,1,0,0,0,0,0,0.009134904198933117
1,1,1,0,3,1,0,0,1,0,0,0,0,1,74.6,239.05,0,0,1,0,1,0,0,1,0,0,0,0,0,0,0,0,0,0,0,0,0,0,0,0,0,0,1,0,0,0,0,0,0.009125731701988469
1,1,0,0,41,1,1,0,1,1,0,1,1,1,104.4,4133.95,0,0,1,0,1,0,0,0,0,1,0,0,0,0,0,0,0,0,0,0,0,0,0,0,0,0,1,0,0,0,0,0,0.009121564746828046
1,0,0,0,32,1,1,0,0,1,0,1,1,1,101.35,3334.9,0,0,1,0,1,0,0,0,0,1,0,0,0,0,0,0,0,0,0,0,0,0,0,0,0,0,1,0,0,0,0,0,0.009081076178080174
1,0,1,0,16,1,0,0,1,0,0,1,1,1,94.65,1461.15,0,0,1,0,1,0,0,1,0,0,0,0,0,0,0,0,0,0,0,0,0,0,0,0,0,0,1,0,0,0,0,0,0.00906307249257124
1,0,0,0,21,1,1,0,1,0,0,1,1,1,99.85,1992.55,0,0,1,0,1,0,0,0,1,0,0,0,0,0,0,0,0,0,0,0,0,0,0,0,0,0,1,0,0,0,0,0,0.009039574557537245
0,0,1,0,5,1,1,1,0,0,0,0,1,1,89.15,413.25,0,0,1,0,1,0,0,0,0,1,0,0,0,0,0,0,0,0,0,0,0,0,0,0,0,0,1,0,0,0,0,0,0.009018214331697598
1,0,0,0,1,1,0,0,0,0,0,0,0,1,70.25,70.25,0,0,1,0,1,0,0,0,0,1,0,0,0,0,0,0,0,0,0,0,0,0,0,0,0,0,1,0,0,0,0,0,0.009011182800466545
1,0,0,0,3,1,1,0,0,0,0,1,0,1,60.25,170.5,0,1,0,0,1,0,0,0,0,1,0,0,0,0,0,0,0,0,0,0,0,0,0,0,0,0,1,0,0,0,0,0,0.009005075390848894
1,0,0,0,13,1,0,0,0,0,0,0,1,1,80.5,1011.8,0,0,1,0,1,0,0,0,0,1,0,0,0,0,0,0,0,0,0,0,0,0,0,0,0,0,1,0,0,0,0,0,0.00900231437790161
0,1,0,0,20,1,1,0,0,0,0,1,0,1,84.35,1745.2,0,0,1,0,1,0,0,0,0,1,0,0,0,0,0,0,0,0,0,0,0,0,0,0,0,0,1,0,0,0,0,0,0.00898484196133264
1,0,0,0,8,1,1,0,0,0,0,0,0,1,75.25,576.7,0,0,1,0,1,0,0,0,0,1,0,0,0,0,0,0,0,0,0,0,0,0,0,0,0,0,1,0,0,0,0,0,0.00894842827882288
0,1,1,0,4,1,0,0,0,0,0,0,0,1,70.2,280.35,0,0,1,0,1,0,0,0,0,1,0,0,0,0,0,0,0,0,0,0,0,0,0,0,0,0,1,0,0,0,0,0,0.00894698408219269
0,1,1,0,20,1,1,0,1,0,1,1,1,0,107.05,2172.05,0,0,1,0,1,0,0,0,0,1,0,0,0,0,0,0,0,0,0,0,0,0,0,0,0,0,1,0,0,0,0,0,0.008930782856484834
0,0,1,0,8,1,1,0,0,0,0,0,1,1,85.65,659.45,0,0,1,0,1,0,0,1,0,0,0,0,0,0,0,0,0,0,0,0,0,0,0,0,0,0,1,0,0,0,0,0,0.008920615286564659
1,1,0,0,39,1,1,0,0,1,0,1,1,1,99.75,4036.0,0,0,1,0,1,0,0,0,0,1,0,0,0,0,0,0,0,0,0,0,0,0,0,0,0,0,1,0,0,0,0,0,0.008914562652242544
1,0,0,0,9,1,0,0,0,0,0,1,1,1,88.4,788.6,0,0,1,0,1,0,0,0,0,0,1,0,0,0,0,0,0,0,0,0,0,0,0,0,0,0,1,0,0,0,0,0,0.008908742432029191
0,1,1,0,35,1,1,0,0,1,0,1,1,1,100.8,3437.5,0,0,1,0,1,0,0,0,0,1,0,0,0,0,0,0,0,0,0,0,0,0,0,0,0,0,1,0,0,0,0,0,0.008890560572373526
0,0,0,0,3,1,0,1,0,1,0,1,1,1,77.4,206.15,0,1,0,0,1,0,0,0,0,1,0,0,0,0,0,0,0,0,0,0,0,0,0,0,0,0,1,0,0,0,0,0,0.008889709663671527
1,0,0,0,33,1,1,0,1,0,0,1,1,1,100.0,3320.6,0,0,1,0,1,0,0,0,0,1,0,0,0,0,0,0,0,0,0,0,0,0,0,0,0,0,1,0,0,0,0,0,0.008865408029334403
0,1,1,0,16,1,0,0,0,1,1,0,1,1,91.55,1540.05,0,0,1,0,1,0,0,0,0,1,0,0,0,0,0,0,0,0,0,0,0,0,0,0,0,0,1,0,0,0,0,0,0.008837891487737809
0,0,0,0,24,1,1,0,0,0,0,1,1,1,94.1,2322.85,0,0,1,0,1,0,0,0,0,1,0,0,0,0,0,0,0,0,0,0,0,0,0,0,0,0,1,0,0,0,0,0,0.00883367190156601
1,0,0,0,2,1,0,0,0,0,0,0,0,1,70.15,123.8,0,0,1,0,1,0,0,0,0,1,0,0,0,0,0,0,0,0,0,0,0,0,0,0,0,0,1,0,0,0,0,0,0.00882465056532408
0,0,0,0,2,1,0,1,1,0,0,1,1,0,100.2,198.5,0,0,1,0,1,0,0,0,0,1,0,0,0,0,0,0,0,0,0,0,0,0,0,0,0,0,1,0,0,0,0,0,0.008814852050530609
0,1,0,0,16,1,0,0,0,0,0,0,1,1,78.75,1218.25,0,0,1,0,1,0,0,0,0,1,0,0,0,0,0,0,0,0,0,0,0,0,0,0,0,0,1,0,0,0,0,0,0.008797986737128017
0,1,1,0,30,1,1,0,0,0,1,1,1,1,101.5,2917.65,0,0,1,0,1,0,0,0,0,1,0,0,0,0,0,0,0,0,0,0,0,0,0,0,0,0,1,0,0,0,0,0,0.008789507162784852
1,0,1,0,19,1,1,0,0,0,0,1,0,1,86.85,1564.4,0,0,1,0,1,0,0,0,0,1,0,0,0,0,0,0,0,0,0,0,0,0,0,0,0,0,1,0,0,0,0,0,0.008775430801194502
0,0,0,0,9,1,0,0,0,0,1,1,1,1,95.9,827.45,0,0,1,0,1,0,0,1,0,0,0,0,0,0,0,0,0,0,0,0,0,0,0,0,0,0,1,0,0,0,0,0,0.008768348011333438
1,1,1,0,23,1,0,1,0,0,0,1,1,1,95.1,2326.05,0,0,1,0,1,0,0,0,0,1,0,0,0,0,0,0,0,0,0,0,0,0,0,0,0,0,1,0,0,0,0,0,0.008748681344002286
1,0,0,0,5,1,0,0,1,0,0,1,0,1,85.3,420.45,0,0,1,0,1,0,0,0,0,0,1,0,0,0,0,0,0,0,0,0,0,0,0,0,0,0,1,0,0,0,0,0,0.008747694485183671
1,0,0,0,26,1,1,0,0,1,0,1,1,1,100.5,2599.95,0,0,1,0,1,0,0,1,0,0,0,0,0,0,0,0,0,0,0,0,0,0,0,0,0,0,1,0,0,0,0,0,0.008733994900363896
0,1,0,0,29,1,0,0,1,1,0,1,1,1,101.45,2948.6,0,0,1,0,1,0,0,1,0,0,0,0,0,0,0,0,0,0,0,0,0,0,0,0,0,0,1,0,0,0,0,0,0.008721849901308103
1,0,0,0,2,1,0,0,0,0,0,0,0,1,69.7,135.2,0,0,1,0,1,0,0,0,0,1,0,0,0,0,0,0,0,0,0,0,0,0,0,0,0,0,1,0,0,0,0,0,0.008720736741658451
1,0,0,0,1,1,1,0,1,0,0,0,0,1,79.15,79.15,0,0,1,0,1,0,0,0,0,0,1,0,0,0,0,0,0,0,0,0,0,0,0,0,0,0,1,0,0,0,0,0,0.008714685137202693
0,0,0,0,2,1,0,0,1,0,0,0,0,1,74.75,144.8,0,0,1,0,1,0,0,0,0,1,0,0,0,0,0,0,0,0,0,0,0,0,0,0,0,0,1,0,0,0,0,0,0.008710099493099043
1,1,0,0,1,1,0,0,0,0,0,0,0,1,70.6,70.6,0,0,1,0,1,0,0,0,0,0,1,0,0,0,0,0,0,0,0,0,0,0,0,0,0,0,1,0,0,0,0,0,0.008705800987203608
1,0,0,0,1,1,0,0,0,0,0,0,1,1,55.45,55.45,0,1,0,0,1,0,0,0,0,1,0,0,0,0,0,0,0,0,0,0,0,0,0,0,0,0,1,0,0,0,0,0,0.00870338350750958
0,0,0,0,3,1,0,0,1,1,0,0,1,0,90.4,268.45,0,0,1,0,1,0,0,0,0,1,0,0,0,0,0,0,0,0,0,0,0,0,0,0,0,0,1,0,0,0,0,0,0.008697833576963373
1,0,0,0,3,1,0,0,0,0,0,0,0,1,70.25,229.7,0,0,1,0,1,0,0,0,0,1,0,0,0,0,0,0,0,0,0,0,0,0,0,0,0,0,1,0,0,0,0,0,0.008691280743499168
1,1,1,0,11,1,0,0,0,0,1,1,0,1,82.9,880.05,0,0,1,0,1,0,0,0,0,1,0,0,0,0,0,0,0,0,0,0,0,0,0,0,0,0,1,0,0,0,0,0,0.008669361036470678
1,0,0,0,3,1,0,0,0,0,0,0,0,1,70.15,194.2,0,0,1,0,1,0,0,0,0,1,0,0,0,0,0,0,0,0,0,0,0,0,0,0,0,0,1,0,0,0,0,0,0.008665976960015304
0,0,0,0,12,1,1,0,0,0,0,1,1,0,94.55,1173.55,0,0,1,0,1,0,0,0,0,1,0,0,0,0,0,0,0,0,0,0,0,0,0,0,0,0,1,0,0,0,0,0,0.008648191448033206
1,0,0,1,12,1,1,0,1,1,0,1,1,1,105.3,1275.65,0,0,1,0,1,0,0,0,0,1,0,0,0,0,0,0,0,0,0,0,0,0,0,0,0,0,1,0,0,0,0,0,0.008637783960711945
1,0,1,0,2,1,0,0,0,0,0,0,0,1,70.35,120.25,0,0,1,0,1,0,0,0,0,1,0,0,0,0,0,0,0,0,0,0,0,0,0,0,0,0,1,0,0,0,0,0,0.00861528042041884
0,0,0,0,8,1,0,0,0,0,0,1,1,1,66.25,546.45,0,1,0,0,1,0,0,0,0,1,0,0,0,0,0,0,0,0,0,0,0,0,0,0,0,0,1,0,0,0,0,0,0.008600102142100195
1,0,0,0,3,1,0,0,0,0,0,0,0,1,69.85,199.85,0,0,1,0,1,0,0,0,0,1,0,0,0,0,0,0,0,0,0,0,0,0,0,0,0,0,1,0,0,0,0,0,0.008597678040920126
1,1,0,0,14,1,1,0,0,1,0,0,0,1,80.35,1058.1,0,0,1,0,1,0,0,1,0,0,0,0,0,0,0,0,0,0,0,0,0,0,0,0,0,0,1,0,0,0,0,0,0.00858841523326321
1,0,0,0,21,1,0,0,1,1,0,0,1,1,90.05,1862.9,0,0,1,0,1,0,0,0,0,1,0,0,0,0,0,0,0,0,0,0,0,0,0,0,0,0,1,0,0,0,0,0,0.008582398487339509
1,1,1,1,14,1,1,0,0,0,0,1,1,1,95.8,1346.3,0,0,1,0,1,0,0,0,0,1,0,0,0,0,0,0,0,0,0,0,0,0,0,0,0,0,1,0,0,0,0,0,0.008546305173188587
1,0,0,0,8,1,1,0,0,0,0,0,0,1,73.5,632.2,0,0,1,0,1,0,0,0,0,1,0,0,0,0,0,0,0,0,0,0,0,0,0,0,0,0,1,0,0,0,0,0,0.00854626878534794
1,1,1,0,30,1,1,0,1,0,0,1,0,1,90.05,2627.2,0,0,1,0,1,0,0,0,0,1,0,0,0,0,0,0,0,0,0,0,0,0,0,0,0,0,1,0,0,0,0,0,0.008542101392014226
1,0,0,0,4,1,1,0,1,0,0,0,0,1,80.3,324.2,0,0,1,0,1,0,0,0,0,0,1,0,0,0,0,0,0,0,0,0,0,0,0,0,0,0,1,0,0,0,0,0,0.00851061552921431
0,0,0,0,24,1,1,0,1,0,0,1,1,1,99.65,2404.85,0,0,1,0,1,0,0,1,0,0,0,0,0,0,0,0,0,0,0,0,0,0,0,0,0,0,1,0,0,0,0,0,0.008496271742737701
1,0,0,0,4,1,0,0,0,1,0,0,1,1,82.85,319.6,0,0,1,0,1,0,0,0,1,0,0,0,0,0,0,0,0,0,0,0,0,0,0,0,0,0,1,0,0,0,0,0,0.008480007677424118
1,0,0,0,5,1,1,0,0,1,1,0,0,1,82.75,417.75,0,0,1,0,1,0,0,0,0,1,0,0,0,0,0,0,0,0,0,0,0,0,0,0,0,0,1,0,0,0,0,0,0.008475681262050944
1,0,0,0,15,1,0,0,0,1,0,1,1,1,94.0,1505.45,0,0,1,0,1,0,0,0,1,0,0,0,0,0,0,0,0,0,0,0,0,0,0,0,0,0,1,0,0,0,0,0,0.008474131889232413
1,0,0,0,23,1,1,0,1,0,0,1,1,1,98.7,2249.1,0,0,1,0,1,0,0,0,1,0,0,0,0,0,0,0,0,0,0,0,0,0,0,0,0,0,1,0,0,0,0,0,0.008462936526992338
1,0,0,0,4,1,1,1,0,0,0,0,0,1,80.15,319.85,0,0,1,0,1,0,0,0,0,1,0,0,0,0,0,0,0,0,0,0,0,0,0,0,0,0,1,0,0,0,0,0,0.008457763957511109
0,1,0,0,8,1,0,0,0,0,0,0,0,1,69.7,572.85,0,0,1,0,1,0,0,0,0,1,0,0,0,0,0,0,0,0,0,0,0,0,0,0,0,0,1,0,0,0,0,0,0.008455765773282088
1,0,0,0,11,1,0,0,0,0,0,1,1,1,64.9,716.1,0,1,0,0,1,0,0,0,0,1,0,0,0,0,0,0,0,0,0,0,0,0,0,0,0,0,1,0,0,0,0,0,0.008437633972901235
1,0,0,0,2,1,0,0,1,0,0,1,0,1,59.0,114.15,0,1,0,0,1,0,0,0,0,1,0,0,0,0,0,0,0,0,0,0,0,0,0,0,0,0,1,0,0,0,0,0,0.00843023557668354
0,0,0,0,1,1,0,0,0,0,0,0,0,1,70.35,70.35,0,0,1,0,1,0,0,0,0,1,0,0,0,0,0,0,0,0,0,0,0,0,0,0,0,0,1,0,0,0,0,0,0.008411920765672347
0,0,0,0,9,1,1,0,0,0,0,0,0,1,76.25,684.85,0,0,1,0,1,0,0,0,0,1,0,0,0,0,0,0,0,0,0,0,0,0,0,0,0,0,1,0,0,0,0,0,0.008403566827989093
0,1,1,0,14,1,1,0,0,0,0,0,0,1,75.1,1013.35,0,0,1,0,1,0,0,0,0,1,0,0,0,0,0,0,0,0,0,0,0,0,0,0,0,0,1,0,0,0,0,0,0.00839260852923862
1,0,0,0,7,1,0,0,0,1,0,0,0,1,75.15,525.0,0,0,1,0,1,0,0,0,0,1,0,0,0,0,0,0,0,0,0,0,0,0,0,0,0,0,1,0,0,0,0,0,0.008377162769073977
0,0,0,0,12,1,0,0,0,0,0,1,0,1,81.45,912.0,0,0,1,0,1,0,0,0,0,1,0,0,0,0,0,0,0,0,0,0,0,0,0,0,0,0,1,0,0,0,0,0,0.008373464236017494
1,1,0,0,46,1,1,0,1,1,0,1,1,1,104.45,4863.85,0,0,1,0,1,0,0,0,0,1,0,0,0,0,0,0,0,0,0,0,0,0,0,0,0,0,1,0,0,0,0,0,0.008365009218519006
0,1,1,0,33,1,1,0,1,0,0,1,1,1,100.6,3270.25,0,0,1,0,1,0,0,1,0,0,0,0,0,0,0,0,0,0,0,0,0,0,0,0,0,0,1,0,0,0,0,0,0.008358811230767855
0,0,1,0,24,1,1,0,0,0,0,1,1,1,93.0,2248.05,0,0,1,0,1,0,0,0,0,1,0,0,0,0,0,0,0,0,0,0,0,0,0,0,0,0,1,0,0,0,0,0,0.008327420502319782
0,0,0,0,9,1,1,0,0,0,0,0,0,1,75.85,724.65,0,0,1,0,1,0,0,0,0,1,0,0,0,0,0,0,0,0,0,0,0,0,0,0,0,0,1,0,0,0,0,0,0.008317349389425787
0,0,0,0,1,1,0,0,0,0,0,0,0,1,69.9,69.9,0,0,1,0,1,0,0,0,0,1,0,0,0,0,0,0,0,0,0,0,0,0,0,0,0,0,1,0,0,0,0,0,0.008312092742150194
0,1,1,0,38,1,1,0,1,1,0,1,1,1,102.6,4009.2,0,0,1,0,1,0,0,0,0,1,0,0,0,0,0,0,0,0,0,0,0,0,0,0,0,0,1,0,0,0,0,0,0.008308172671887805
1,0,1,0,34,1,1,0,0,1,0,1,1,1,100.45,3414.65,0,0,1,0,1,0,0,0,0,1,0,0,0,0,0,0,0,0,0,0,0,0,0,0,0,0,1,0,0,0,0,0,0.00830033815510989
0,1,0,0,2,1,1,0,0,0,0,0,0,1,72.6,154.3,0,0,1,0,1,0,0,0,0,0,1,0,0,0,0,0,0,0,0,0,0,0,0,0,0,0,1,0,0,0,0,0,0.008288327785869921
1,0,0,0,27,1,1,0,0,0,0,1,1,1,95.6,2595.25,0,0,1,0,1,0,0,1,0,0,0,0,0,0,0,0,0,0,0,0,0,0,0,0,0,0,1,0,0,0,0,0,0.008271649179963958
1,0,0,0,9,1,0,0,0,1,0,0,1,1,85.3,781.4,0,0,1,0,1,0,0,0,1,0,0,0,0,0,0,0,0,0,0,0,0,0,0,0,0,0,1,0,0,0,0,0,0.008270974652511968
1,1,0,0,2,1,1,0,1,0,0,0,0,1,56.55,118.25,0,1,0,0,1,0,0,0,1,0,0,0,0,0,0,0,0,0,0,0,0,0,0,0,0,0,1,0,0,0,0,0,0.008270525225663879
1,0,0,0,7,1,1,0,1,0,0,0,0,1,78.55,522.95,0,0,1,0,1,0,0,1,0,0,0,0,0,0,0,0,0,0,0,0,0,0,0,0,0,0,1,0,0,0,0,0,0.008252623839202965
0,0,0,0,2,1,0,0,0,0,0,0,0,1,70.3,144.0,0,0,1,0,1,0,0,0,0,1,0,0,0,0,0,0,0,0,0,0,0,0,0,0,0,0,1,0,0,0,0,0,0.008249857687637386
0,0,0,0,8,1,1,0,0,0,0,0,0,1,74.85,572.45,0,0,1,0,1,0,0,0,0,1,0,0,0,0,0,0,0,0,0,0,0,0,0,0,0,0,1,0,0,0,0,0,0.008242986770253346
1,0,0,0,8,1,0,0,0,0,0,1,0,1,80.0,624.6,0,0,1,0,1,0,0,1,0,0,0,0,0,0,0,0,0,0,0,0,0,0,0,0,0,0,1,0,0,0,0,0,0.008228772393193015
0,0,0,0,5,1,0,0,1,0,0,0,0,1,74.65,383.65,0,0,1,0,1,0,0,0,0,1,0,0,0,0,0,0,0,0,0,0,0,0,0,0,0,0,1,0,0,0,0,0,0.008228377274782091
0,1,1,0,22,1,0,0,0,0,0,1,1,1,89.75,1938.9,0,0,1,0,1,0,0,1,0,0,0,0,0,0,0,0,0,0,0,0,0,0,0,0,0,0,1,0,0,0,0,0,0.0082272255210252
1,0,1,0,18,1,0,0,0,1,0,1,1,1,95.95,1745.5,0,0,1,0,1,0,0,0,1,0,0,0,0,0,0,0,0,0,0,0,0,0,0,0,0,0,1,0,0,0,0,0,0.00820873361769627
1,1,0,0,8,1,0,0,0,1,0,0,0,1,74.05,600.15,0,0,1,0,1,0,0,1,0,0,0,0,0,0,0,0,0,0,0,0,0,0,0,0,0,0,1,0,0,0,0,0,0.008203943889864415
0,1,0,0,31,1,1,0,1,0,0,1,0,1,90.7,2845.15,0,0,1,0,1,0,0,0,0,1,0,0,0,0,0,0,0,0,0,0,0,0,0,0,0,0,1,0,0,0,0,0,0.008190695618252416
0,0,0,0,31,1,0,0,1,1,0,1,1,1,101.4,3143.65,0,0,1,0,1,0,0,0,0,1,0,0,0,0,0,0,0,0,0,0,0,0,0,0,0,0,1,0,0,0,0,0,0.008184272355636102
1,0,0,0,2,1,1,0,1,0,0,0,0,0,79.55,151.75,0,0,1,0,1,0,0,0,0,1,0,0,0,0,0,0,0,0,0,0,0,0,0,0,0,0,1,0,0,0,0,0,0.008182367639509946
1,1,0,0,6,0,0,0,0,0,0,1,1,1,44.4,263.05,0,1,0,0,1,0,0,0,0,1,0,0,0,0,0,0,0,0,0,0,0,0,0,0,0,0,1,0,0,0,0,0,0.008180055481693059
0,0,0,0,6,1,1,0,0,0,1,0,1,1,87.95,522.35,0,0,1,0,1,0,0,1,0,0,0,0,0,0,0,0,0,0,0,0,0,0,0,0,0,0,1,0,0,0,0,0,0.008176200912239336
1,0,0,1,1,1,0,0,0,0,0,1,1,1,89.35,89.35,0,0,1,0,1,0,0,0,0,1,0,0,0,0,0,0,0,0,0,0,0,0,0,0,0,0,1,0,0,0,0,0,0.008169204753413728
1,1,0,0,6,1,0,1,0,0,0,0,0,1,74.1,450.9,0,0,1,0,1,0,0,0,0,1,0,0,0,0,0,0,0,0,0,0,0,0,0,0,0,0,1,0,0,0,0,0,0.008168784490138803
1,0,0,0,13,1,1,1,0,1,0,1,1,1,78.75,995.35,0,1,0,0,1,0,0,0,0,1,0,0,0,0,0,0,0,0,0,0,0,0,0,0,0,0,1,0,0,0,0,0,0.008155402637654886
1,0,0,0,1,1,0,0,0,0,0,1,0,1,54.65,54.65,0,1,0,0,1,0,0,0,0,1,0,0,0,0,0,0,0,0,0,0,0,0,0,0,0,0,1,0,0,0,0,0,0.0081532728779666
0,0,1,0,9,1,1,1,0,0,0,0,1,1,88.05,801.3,0,0,1,0,1,0,0,0,0,1,0,0,0,0,0,0,0,0,0,0,0,0,0,0,0,0,1,0,0,0,0,0,0.008152143812315524
1,0,0,0,17,1,0,0,1,0,0,1,0,1,83.55,1329.15,0,0,1,0,1,0,0,0,0,1,0,0,0,0,0,0,0,0,0,0,0,0,0,0,0,0,1,0,0,0,0,0,0.008151866225302947
1,0,0,0,2,1,1,0,0,0,0,0,0,1,74.9,136.05,0,0,1,0,1,0,0,0,0,0,1,0,0,0,0,0,0,0,0,0,0,0,0,0,0,0,1,0,0,0,0,0,0.008148052880547553
1,0,0,0,2,1,0,1,0,1,0,0,0,1,80.45,137.1,0,0,1,0,1,0,0,0,0,1,0,0,0,0,0,0,0,0,0,0,0,0,0,0,0,0,1,0,0,0,0,0,0.008144987953780186
0,0,0,0,2,1,0,0,0,0,0,0,0,1,69.8,146.65,0,0,1,0,1,0,0,0,0,1,0,0,0,0,0,0,0,0,0,0,0,0,0,0,0,0,1,0,0,0,0,0,0.008141319469553172
1,1,1,0,31,1,1,0,0,0,0,0,1,1,84.85,2633.4,0,0,1,0,1,0,0,0,0,1,0,0,0,0,0,0,0,0,0,0,0,0,0,0,0,0,1,0,0,0,0,0,0.008135764590166248
0,0,0,0,3,1,0,0,1,0,0,0,1,0,84.3,235.05,0,0,1,0,1,0,0,0,0,1,0,0,0,0,0,0,0,0,0,0,0,0,0,0,0,0,1,0,0,0,0,0,0.008128006213493867
1,1,0,0,18,1,0,0,1,0,0,0,0,1,74.7,1294.6,0,0,1,0,1,0,0,0,0,1,0,0,0,0,0,0,0,0,0,0,0,0,0,0,0,0,1,0,0,0,0,0,0.008115959799298774
0,1,1,0,1,1,1,0,0,0,0,0,0,0,74.3,74.3,0,0,1,0,1,0,0,0,0,1,0,0,0,0,0,0,0,0,0,0,0,0,0,0,0,0,1,0,0,0,0,0,0.008110885265465656
0,0,0,0,4,1,0,0,0,1,0,0,1,0,86.05,308.1,0,0,1,0,1,0,0,0,0,1,0,0,0,0,0,0,0,0,0,0,0,0,0,0,0,0,1,0,0,0,0,0,0.008109700629017993
1,1,0,0,17,1,1,0,0,1,0,0,0,1,82.65,1470.05,0,0,1,0,1,0,0,0,1,0,0,0,0,0,0,0,0,0,0,0,0,0,0,0,0,0,1,0,0,0,0,0,0.008090659184156888
0,0,0,0,13,1,1,0,0,0,1,1,1,0,100.75,1313.25,0,0,1,0,1,0,0,0,0,1,0,0,0,0,0,0,0,0,0,0,0,0,0,0,0,0,1,0,0,0,0,0,0.00808791217689508
0,1,0,0,19,1,0,1,0,0,0,0,1,1,87.3,1637.3,0,0,1,0,1,0,0,0,0,1,0,0,0,0,0,0,0,0,0,0,0,0,0,0,0,0,1,0,0,0,0,0,0.008078670608990346
0,0,0,0,1,1,0,0,0,0,0,0,1,1,55.25,55.25,0,1,0,0,1,0,0,0,0,1,0,0,0,0,0,0,0,0,0,0,0,0,0,0,0,0,1,0,0,0,0,0,0.008060000241734066
1,0,1,0,14,1,0,0,0,0,0,0,1,1,78.1,1122.4,0,0,1,0,1,0,0,0,0,1,0,0,0,0,0,0,0,0,0,0,0,0,0,0,0,0,1,0,0,0,0,0,0.008058242568975471
1,1,0,0,2,1,0,0,0,0,0,1,0,0,81.5,162.55,0,0,1,0,1,0,0,0,0,0,1,0,0,0,0,0,0,0,0,0,0,0,0,0,0,0,1,0,0,0,0,0,0.008057188099508677
0,0,0,0,11,1,0,0,0,1,0,1,1,1,69.35,712.25,0,1,0,0,1,0,0,0,0,1,0,0,0,0,0,0,0,0,0,0,0,0,0,0,0,0,1,0,0,0,0,0,0.008043986412068658
0,1,0,0,11,1,0,0,0,0,0,0,1,1,79.15,827.7,0,0,1,0,1,0,0,0,1,0,0,0,0,0,0,0,0,0,0,0,0,0,0,0,0,0,1,0,0,0,0,0,0.008043252772500915
1,0,0,0,37,1,1,0,0,1,0,1,1,1,100.05,3810.55,0,0,1,0,1,0,0,0,0,1,0,0,0,0,0,0,0,0,0,0,0,0,0,0,0,0,1,0,0,0,0,0,0.008019690236963571
0,1,1,0,32,1,1,0,1,1,0,0,1,1,93.5,2970.8,0,0,1,0,1,0,0,0,0,1,0,0,0,0,0,0,0,0,0,0,0,0,0,0,0,0,1,0,0,0,0,0,0.008004598469897147
1,1,1,0,39,1,1,0,0,0,1,1,1,1,101.25,3949.15,0,0,1,0,1,0,0,0,0,1,0,0,0,0,0,0,0,0,0,0,0,0,0,0,0,0,1,0,0,0,0,0,0.007988669229493818
1,1,0,0,35,1,1,1,0,0,0,1,1,1,99.05,3554.6,0,0,1,0,1,0,0,0,0,1,0,0,0,0,0,0,0,0,0,0,0,0,0,0,0,0,1,0,0,0,0,0,0.00796739889272627
1,0,1,0,17,1,1,0,1,0,0,1,1,1,75.4,1322.55,0,1,0,0,1,0,0,1,0,0,0,0,0,0,0,0,0,0,0,0,0,0,0,0,0,0,1,0,0,0,0,0,0.00796398593610416
1,1,1,0,42,1,1,0,0,0,0,1,1,1,95.05,3944.5,0,0,1,0,1,0,0,0,0,1,0,0,0,0,0,0,0,0,0,0,0,0,0,0,0,0,1,0,0,0,0,0,0.007935168847865125
1,1,0,0,26,1,0,0,0,0,0,0,1,1,78.8,2006.1,0,0,1,0,1,0,0,0,0,1,0,0,0,0,0,0,0,0,0,0,0,0,0,0,0,0,1,0,0,0,0,0,0.007896746988735858
0,1,1,0,16,1,1,0,0,0,0,1,0,1,85.05,1391.15,0,0,1,0,1,0,0,0,1,0,0,0,0,0,0,0,0,0,0,0,0,0,0,0,0,0,1,0,0,0,0,0,0.00789403987839353
1,0,0,0,1,1,1,0,0,0,0,0,0,1,50.1,50.1,0,1,0,0,1,0,0,0,0,1,0,0,0,0,0,0,0,0,0,0,0,0,0,0,0,0,1,0,0,0,0,0,0.007884247794104666
0,0,0,0,21,1,1,0,0,0,0,0,1,1,84.1,1737.45,0,0,1,0,1,0,0,0,0,1,0,0,0,0,0,0,0,0,0,0,0,0,0,0,0,0,1,0,0,0,0,0,0.007883956658744558
0,1,1,0,11,1,0,0,0,0,0,0,0,1,70.2,834.7,0,0,1,0,1,0,0,0,0,1,0,0,0,0,0,0,0,0,0,0,0,0,0,0,0,0,1,0,0,0,0,0,0.007883095745514128
1,1,0,0,3,1,0,0,0,1,0,0,0,0,73.85,196.4,0,0,1,0,1,0,0,0,0,1,0,0,0,0,0,0,0,0,0,0,0,0,0,0,0,0,1,0,0,0,0,0,0.007877291760029046
1,1,0,0,18,1,0,0,1,0,0,0,0,1,73.55,1359.45,0,0,1,0,1,0,0,0,0,1,0,0,0,0,0,0,0,0,0,0,0,0,0,0,0,0,1,0,0,0,0,0,0.007875868794204323
0,0,0,0,10,1,0,0,0,0,1,1,1,1,95.1,865.1,0,0,1,0,1,0,0,0,1,0,0,0,0,0,0,0,0,0,0,0,0,0,0,0,0,0,1,0,0,0,0,0,0.007875725802785288
0,0,0,0,4,1,1,1,0,0,0,0,0,1,80.1,336.15,0,0,1,0,1,0,0,0,0,1,0,0,0,0,0,0,0,0,0,0,0,0,0,0,0,0,1,0,0,0,0,0,0.00786459928135776
1,1,0,0,19,1,0,1,1,0,1,1,1,1,105.0,2007.25,0,0,1,0,1,0,0,0,0,0,1,0,0,0,0,0,0,0,0,0,0,0,0,0,0,0,1,0,0,0,0,0,0.007864578864530581
1,0,1,0,5,1,0,0,0,0,0,0,0,1,68.95,351.5,0,0,1,0,1,0,0,0,0,1,0,0,0,0,0,0,0,0,0,0,0,0,0,0,0,0,1,0,0,0,0,0,0.00786238053022399
1,0,0,0,6,1,0,0,0,0,0,0,1,1,55.0,340.4,0,1,0,0,1,0,0,0,0,1,0,0,0,0,0,0,0,0,0,0,0,0,0,0,0,0,1,0,0,0,0,0,0.007849981057562143
1,0,1,0,17,1,1,0,0,0,0,1,1,0,92.6,1579.7,0,0,1,0,1,0,0,0,0,1,0,0,0,0,0,0,0,0,0,0,0,0,0,0,0,0,1,0,0,0,0,0,0.007826066030104382
0,1,0,0,24,1,1,0,1,0,0,0,0,1,80.5,2088.45,0,0,1,0,1,0,0,0,0,1,0,0,0,0,0,0,0,0,0,0,0,0,0,0,0,0,1,0,0,0,0,0,0.00782532472010518
1,1,0,0,34,1,1,0,1,0,1,1,0,1,96.35,3190.25,0,0,1,0,1,0,0,0,0,1,0,0,0,0,0,0,0,0,0,0,0,0,0,0,0,0,1,0,0,0,0,0,0.007823148143879695
1,0,0,0,3,1,1,0,0,0,0,0,0,0,76.1,257.6,0,0,1,0,1,0,0,0,0,1,0,0,0,0,0,0,0,0,0,0,0,0,0,0,0,0,1,0,0,0,0,0,0.00781708840078996
1,1,0,0,40,1,0,0,0,0,0,1,1,1,91.55,3673.6,0,0,1,0,1,0,0,0,0,1,0,0,0,0,0,0,0,0,0,0,0,0,0,0,0,0,1,0,0,0,0,0,0.007812677817235296
1,1,0,0,2,1,0,0,0,0,0,0,0,1,44.3,89.3,0,1,0,0,1,0,0,0,0,1,0,0,0,0,0,0,0,0,0,0,0,0,0,0,0,0,1,0,0,0,0,0,0.007804658381264301
0,1,0,0,20,1,0,0,0,0,0,1,1,0,89.95,1648.45,0,0,1,0,1,0,0,0,0,1,0,0,0,0,0,0,0,0,0,0,0,0,0,0,0,0,1,0,0,0,0,0,0.007779834751828165
1,0,0,0,18,1,1,0,0,1,1,0,1,1,95.05,1679.4,0,0,1,0,1,0,0,1,0,0,0,0,0,0,0,0,0,0,0,0,0,0,0,0,0,0,1,0,0,0,0,0,0.0077775837800925784
1,0,0,0,3,1,0,0,0,0,0,1,0,1,54.2,140.4,0,1,0,0,1,0,0,0,0,1,0,0,0,0,0,0,0,0,0,0,0,0,0,0,0,0,1,0,0,0,0,0,0.007765974280014609
0,0,0,0,4,1,0,0,0,0,0,0,1,1,55.9,238.5,0,1,0,0,1,0,0,0,0,1,0,0,0,0,0,0,0,0,0,0,0,0,0,0,0,0,1,0,0,0,0,0,0.0077638158016959625
1,0,0,0,21,1,0,0,1,0,1,1,1,1,99.15,1956.4,0,0,1,0,1,0,0,1,0,0,0,0,0,0,0,0,0,0,0,0,0,0,0,0,0,0,1,0,0,0,0,0,0.007763158210242456
1,1,0,0,4,1,0,0,1,0,0,0,0,0,72.75,317.75,0,0,1,0,1,0,0,0,0,1,0,0,0,0,0,0,0,0,0,0,0,0,0,0,0,0,1,0,0,0,0,0,0.007749010686098423
0,0,0,0,7,1,0,0,0,1,0,0,0,1,74.9,490.55,0,0,1,0,1,0,0,0,0,1,0,0,0,0,0,0,0,0,0,0,0,0,0,0,0,0,1,0,0,0,0,0,0.007745442173786016
0,1,1,0,29,1,1,0,0,0,0,0,1,1,84.3,2357.75,0,0,1,0,1,0,0,0,0,1,0,0,0,0,0,0,0,0,0,0,0,0,0,0,0,0,1,0,0,0,0,0,0.0077327573081840935
0,1,0,0,5,1,0,0,0,0,0,0,0,1,71.45,371.6,0,0,1,0,1,0,0,0,0,0,1,0,0,0,0,0,0,0,0,0,0,0,0,0,0,0,1,0,0,0,0,0,0.007710315220421806
1,0,0,0,33,1,1,0,1,1,0,1,1,0,107.55,3645.5,0,0,1,0,1,0,0,0,0,1,0,0,0,0,0,0,0,0,0,0,0,0,0,0,0,0,1,0,0,0,0,0,0.007704627584413932
1,0,0,0,5,1,0,0,0,0,0,1,0,0,80.2,384.25,0,0,1,0,1,0,0,0,0,1,0,0,0,0,0,0,0,0,0,0,0,0,0,0,0,0,1,0,0,0,0,0,0.007701900296146554
0,0,0,0,3,1,0,0,0,0,0,1,1,0,90.7,237.65,0,0,1,0,1,0,0,0,0,0,1,0,0,0,0,0,0,0,0,0,0,0,0,0,0,0,1,0,0,0,0,0,0.0076581082943491
0,1,0,0,13,1,0,0,1,0,0,1,0,1,59.9,788.35,0,1,0,0,1,0,0,0,0,1,0,0,0,0,0,0,0,0,0,0,0,0,0,0,0,0,1,0,0,0,0,0,0.007638360778196504
1,0,0,0,7,1,0,1,1,0,1,1,1,1,78.5,571.05,0,1,0,0,1,0,0,0,0,1,0,0,0,0,0,0,0,0,0,0,0,0,0,0,0,0,1,0,0,0,0,0,0.007616457049143787
1,0,1,0,18,1,1,0,0,0,1,1,0,1,88.85,1594.75,0,0,1,0,1,0,0,0,0,1,0,0,0,0,0,0,0,0,0,0,0,0,0,0,0,0,1,0,0,0,0,0,0.007614795283181373
1,0,1,0,25,1,0,0,0,0,1,1,1,1,95.15,2395.7,0,0,1,0,1,0,0,0,0,1,0,0,0,0,0,0,0,0,0,0,0,0,0,0,0,0,1,0,0,0,0,0,0.007608922556495818
1,0,0,0,13,1,0,1,0,0,0,1,1,1,71.95,923.85,0,1,0,0,1,0,0,0,0,1,0,0,0,0,0,0,0,0,0,0,0,0,0,0,0,0,1,0,0,0,0,0,0.007573680814055149
0,0,0,0,5,1,0,0,0,0,0,1,0,1,80.1,398.55,0,0,1,0,1,0,0,0,0,0,1,0,0,0,0,0,0,0,0,0,0,0,0,0,0,0,1,0,0,0,0,0,0.007560380049753449
0,0,0,0,34,1,1,0,1,0,1,1,1,1,105.35,3540.65,0,0,1,0,1,0,0,0,0,1,0,0,0,0,0,0,0,0,0,0,0,0,0,0,0,0,1,0,0,0,0,0,0.007551228329092199
0,0,1,0,14,1,1,0,1,1,0,0,0,1,82.65,1185.0,0,0,1,0,1,0,0,0,0,1,0,0,0,0,0,0,0,0,0,0,0,0,0,0,0,0,1,0,0,0,0,0,0.007548843796822622
0,0,1,1,1,1,0,0,0,0,0,1,1,1,90.1,90.1,0,0,1,0,1,0,0,0,0,1,0,0,0,0,0,0,0,0,0,0,0,0,0,0,0,0,1,0,0,0,0,0,0.007534068170773713
0,0,0,0,4,1,0,0,0,0,0,1,0,1,56.4,234.85,0,1,0,0,1,0,0,0,0,1,0,0,0,0,0,0,0,0,0,0,0,0,0,0,0,0,1,0,0,0,0,0,0.007527876005193785
1,0,0,0,3,1,0,1,0,0,0,0,0,1,74.55,233.65,0,0,1,0,1,0,0,0,0,1,0,0,0,0,0,0,0,0,0,0,0,0,0,0,0,0,1,0,0,0,0,0,0.007517205517715028
1,0,0,0,1,1,0,0,0,0,0,0,0,1,70.7,70.7,0,0,1,0,1,0,0,0,0,0,1,0,0,0,0,0,0,0,0,0,0,0,0,0,0,0,1,0,0,0,0,0,0.0075170777181567325
1,0,0,0,24,1,0,1,0,0,0,1,1,1,94.6,2283.15,0,0,1,0,1,0,0,0,0,1,0,0,0,0,0,0,0,0,0,0,0,0,0,0,0,0,1,0,0,0,0,0,0.007511845635659722
1,1,0,0,27,1,1,0,1,1,0,0,0,1,86.45,2401.05,0,0,1,0,1,0,0,1,0,0,0,0,0,0,0,0,0,0,0,0,0,0,0,0,0,0,1,0,0,0,0,0,0.007505505872335107
1,0,0,0,24,1,1,0,0,0,1,0,1,1,89.55,2259.35,0,0,1,0,1,0,0,0,0,1,0,0,0,0,0,0,0,0,0,0,0,0,0,0,0,0,1,0,0,0,0,0,0.007500073528746185
0,0,0,0,17,1,1,0,0,1,1,0,1,1,95.65,1640.0,0,0,1,0,1,0,0,1,0,0,0,0,0,0,0,0,0,0,0,0,0,0,0,0,0,0,1,0,0,0,0,0,0.007493384308531131
1,0,1,0,2,1,0,1,1,0,0,1,0,0,90.35,190.5,0,0,1,0,1,0,0,0,0,1,0,0,0,0,0,0,0,0,0,0,0,0,0,0,0,0,1,0,0,0,0,0,0.007485997572362621
0,0,0,0,31,1,0,0,1,0,0,1,1,1,94.5,2979.2,0,0,1,0,1,0,0,0,0,1,0,0,0,0,0,0,0,0,0,0,0,0,0,0,0,0,1,0,0,0,0,0,0.0074798328484834975
0,0,0,0,24,1,0,0,1,1,0,0,1,1,89.55,2187.15,0,0,1,0,1,0,0,0,0,1,0,0,0,0,0,0,0,0,0,0,0,0,0,0,0,0,1,0,0,0,0,0,0.007473011152787496
0,0,0,0,3,1,0,0,0,1,1,1,0,1,89.85,244.45,0,0,1,0,1,0,0,0,0,0,1,0,0,0,0,0,0,0,0,0,0,0,0,0,0,0,1,0,0,0,0,0,0.007460706254347384
0,0,0,0,8,1,1,0,0,0,0,1,0,1,59.25,436.6,0,1,0,0,1,0,0,0,0,1,0,0,0,0,0,0,0,0,0,0,0,0,0,0,0,0,1,0,0,0,0,0,0.00745098190841524
0,0,0,0,12,1,0,0,0,0,0,0,1,1,79.95,1043.4,0,0,1,0,1,0,0,1,0,0,0,0,0,0,0,0,0,0,0,0,0,0,0,0,0,0,1,0,0,0,0,0,0.007442838084419905
1,1,0,0,14,0,0,0,0,0,0,1,1,1,46.35,672.7,0,1,0,0,1,0,0,0,0,1,0,0,0,0,0,0,0,0,0,0,0,0,0,0,0,0,1,0,0,0,0,0,0.00744103710473813
1,0,0,0,5,1,1,0,0,0,0,0,0,0,75.6,402.5,0,0,1,0,1,0,0,0,0,1,0,0,0,0,0,0,0,0,0,0,0,0,0,0,0,0,1,0,0,0,0,0,0.007439041777662027
1,0,0,0,47,1,1,0,1,1,0,1,1,1,106.35,4849.1,0,0,1,0,1,0,0,0,0,1,0,0,0,0,0,0,0,0,0,0,0,0,0,0,0,0,1,0,0,0,0,0,0.007434882124943688
0,0,0,0,6,1,0,0,0,0,0,0,0,1,69.1,435.0,0,0,1,0,1,0,0,0,0,1,0,0,0,0,0,0,0,0,0,0,0,0,0,0,0,0,1,0,0,0,0,0,0.007431874197417406
1,0,0,0,34,1,0,0,1,1,1,1,1,1,105.1,3634.8,0,0,1,0,1,0,0,0,0,1,0,0,0,0,0,0,0,0,0,0,0,0,0,0,0,0,1,0,0,0,0,0,0.007430798439067351
0,0,0,0,3,1,0,1,0,0,0,0,1,1,86.05,244.85,0,0,1,0,1,0,0,0,0,0,1,0,0,0,0,0,0,0,0,0,0,0,0,0,0,0,1,0,0,0,0,0,0.007402579972391955
1,0,0,0,15,1,0,0,1,0,0,1,0,1,83.2,1130.0,0,0,1,0,1,0,0,1,0,0,0,0,0,0,0,0,0,0,0,0,0,0,0,0,0,0,1,0,0,0,0,0,0.007401974169692072
0,0,0,0,9,1,1,1,0,0,0,0,0,1,81.15,784.45,0,0,1,0,1,0,0,0,0,1,0,0,0,0,0,0,0,0,0,0,0,0,0,0,0,0,1,0,0,0,0,0,0.007390047486185668
0,0,0,0,7,1,0,0,0,0,0,0,0,1,69.55,521.35,0,0,1,0,1,0,0,0,0,1,0,0,0,0,0,0,0,0,0,0,0,0,0,0,0,0,1,0,0,0,0,0,0.007386652855195256
1,0,0,0,13,1,0,0,0,0,0,1,0,1,81.9,1028.9,0,0,1,0,1,0,0,0,0,0,1,0,0,0,0,0,0,0,0,0,0,0,0,0,0,0,1,0,0,0,0,0,0.007370027262055208
1,0,1,0,15,1,0,1,0,1,0,1,1,0,101.75,1669.4,0,0,1,0,1,0,0,0,0,1,0,0,0,0,0,0,0,0,0,0,0,0,0,0,0,0,1,0,0,0,0,0,0.007369308408447164
1,0,0,0,6,1,1,0,0,0,0,0,0,1,73.85,401.3,0,0,1,0,1,0,0,0,0,0,1,0,0,0,0,0,0,0,0,0,0,0,0,0,0,0,1,0,0,0,0,0,0.007367963935622326
1,0,0,0,1,1,0,0,0,1,0,0,0,0,75.55,75.55,0,0,1,0,1,0,0,0,0,1,0,0,0,0,0,0,0,0,0,0,0,0,0,0,0,0,1,0,0,0,0,0,0.007359901143540169
0,1,1,0,23,1,0,1,1,0,0,0,1,1,90.0,2024.1,0,0,1,0,1,0,0,0,0,1,0,0,0,0,0,0,0,0,0,0,0,0,0,0,0,0,1,0,0,0,0,0,0.007358965943476018
1,1,1,0,20,1,0,0,1,0,0,0,1,1,60.0,1259.35,0,1,0,0,1,0,0,0,0,1,0,0,0,0,0,0,0,0,0,0,0,0,0,0,0,0,1,0,0,0,0,0,0.00735108474933981
1,0,0,0,1,1,0,0,1,0,0,0,0,0,74.35,74.35,0,0,1,0,1,0,0,0,0,1,0,0,0,0,0,0,0,0,0,0,0,0,0,0,0,0,1,0,0,0,0,0,0.007350336458154555
0,0,0,0,1,1,1,0,0,0,0,0,0,1,50.15,50.15,0,1,0,0,1,0,0,0,0,1,0,0,0,0,0,0,0,0,0,0,0,0,0,0,0,0,1,0,0,0,0,0,0.007349607102606648
1,0,0,0,3,1,0,0,0,1,0,0,0,1,74.75,238.1,0,0,1,0,1,0,0,0,0,0,1,0,0,0,0,0,0,0,0,0,0,0,0,0,0,0,1,0,0,0,0,0,0.007346274090160818
0,0,0,0,1,1,0,0,0,0,0,1,1,1,62.8,62.8,0,1,0,0,1,0,0,0,0,0,1,0,0,0,0,0,0,0,0,0,0,0,0,0,0,0,1,0,0,0,0,0,0.007345807169931248
0,0,0,0,4,1,1,1,0,0,0,1,0,0,90.65,367.95,0,0,1,0,1,0,0,0,0,1,0,0,0,0,0,0,0,0,0,0,0,0,0,0,0,0,1,0,0,0,0,0,0.007343662723429179
1,1,1,0,5,1,0,0,0,0,0,0,0,0,70.05,302.6,0,0,1,0,1,0,0,0,0,1,0,0,0,0,0,0,0,0,0,0,0,0,0,0,0,0,1,0,0,0,0,0,0.007326943461488438
1,0,0,0,14,1,0,0,0,0,1,1,1,1,69.65,921.4,0,1,0,0,1,0,0,0,0,1,0,0,0,0,0,0,0,0,0,0,0,0,0,0,0,0,1,0,0,0,0,0,0.007317953013925363
0,0,0,0,9,1,0,0,0,0,0,0,0,1,70.5,597.9,0,0,1,0,1,0,0,0,0,1,0,0,0,0,0,0,0,0,0,0,0,0,0,0,0,0,1,0,0,0,0,0,0.007301486522301719
0,1,0,0,4,0,0,0,1,0,0,1,1,1,50.95,207.35,0,1,0,0,1,0,0,0,1,0,0,0,0,0,0,0,0,0,0,0,0,0,0,0,0,0,1,0,0,0,0,0,0.0072883678938787284
0,0,0,0,17,1,0,0,1,1,0,0,1,1,90.95,1612.2,0,0,1,0,1,0,0,0,1,0,0,0,0,0,0,0,0,0,0,0,0,0,0,0,0,0,1,0,0,0,0,0,0.007272333258461776
1,0,0,0,8,1,1,0,0,0,0,0,0,1,74.6,548.9,0,0,1,0,1,0,0,0,1,0,0,0,0,0,0,0,0,0,0,0,0,0,0,0,0,0,1,0,0,0,0,0,0.007265949308007001
1,1,1,0,42,1,1,0,1,1,0,1,0,1,95.55,3930.6,0,0,1,0,1,0,0,0,0,1,0,0,0,0,0,0,0,0,0,0,0,0,0,0,0,0,1,0,0,0,0,0,0.007258160204236688
0,0,0,0,9,1,0,0,0,1,0,0,0,1,73.8,704.3,0,0,1,0,1,0,0,0,0,1,0,0,0,0,0,0,0,0,0,0,0,0,0,0,0,0,1,0,0,0,0,0,0.0072580697668998655
1,0,0,0,12,1,1,1,0,0,0,0,0,1,79.8,1001.2,0,0,1,0,1,0,0,0,0,1,0,0,0,0,0,0,0,0,0,0,0,0,0,0,0,0,1,0,0,0,0,0,0.007252817849409608
0,0,1,0,12,1,0,0,1,0,0,0,1,1,85.05,999.8,0,0,1,0,1,0,0,0,1,0,0,0,0,0,0,0,0,0,0,0,0,0,0,0,0,0,1,0,0,0,0,0,0.007252783303450393
1,0,0,0,18,1,1,0,0,0,0,0,0,1,74.15,1345.75,0,0,1,0,1,0,0,0,0,1,0,0,0,0,0,0,0,0,0,0,0,0,0,0,0,0,1,0,0,0,0,0,0.007251528862286881
1,0,0,0,9,1,1,0,0,0,0,0,0,1,75.2,633.85,0,0,1,0,1,0,0,0,1,0,0,0,0,0,0,0,0,0,0,0,0,0,0,0,0,0,1,0,0,0,0,0,0.00725047517637798
1,1,0,0,5,1,0,1,1,0,0,0,0,0,80.7,374.8,0,0,1,0,1,0,0,0,0,1,0,0,0,0,0,0,0,0,0,0,0,0,0,0,0,0,1,0,0,0,0,0,0.007249609232919701
0,1,0,0,16,1,1,0,0,0,0,0,0,1,74.45,1261.35,0,0,1,0,1,0,0,1,0,0,0,0,0,0,0,0,0,0,0,0,0,0,0,0,0,0,1,0,0,0,0,0,0.007248507373142102
1,0,0,0,8,1,0,0,1,0,1,1,0,1,65.45,554.45,0,1,0,0,1,0,0,0,0,1,0,0,0,0,0,0,0,0,0,0,0,0,0,0,0,0,1,0,0,0,0,0,0.007244580076926088
1,1,0,0,32,1,0,0,0,0,0,0,1,1,79.5,2665.0,0,0,1,0,1,0,0,0,0,1,0,0,0,0,0,0,0,0,0,0,0,0,0,0,0,0,1,0,0,0,0,0,0.0072268086894864405
1,1,0,0,15,1,1,0,1,0,0,1,0,0,89.0,1288.3,0,0,1,0,1,0,0,0,1,0,0,0,0,0,0,0,0,0,0,0,0,0,0,0,0,0,1,0,0,0,0,0,0.007221413957174583
0,1,1,0,2,1,0,0,0,0,0,0,0,0,70.1,141.65,0,0,1,0,1,0,0,0,0,1,0,0,0,0,0,0,0,0,0,0,0,0,0,0,0,0,1,0,0,0,0,0,0.007215290070211277
1,0,0,0,10,1,1,0,0,0,0,0,0,1,75.75,777.3,0,0,1,0,1,0,0,0,0,0,1,0,0,0,0,0,0,0,0,0,0,0,0,0,0,0,1,0,0,0,0,0,0.007211003871139414
0,1,0,0,18,1,1,0,1,0,0,0,0,1,80.55,1411.65,0,0,1,0,1,0,0,0,1,0,0,0,0,0,0,0,0,0,0,0,0,0,0,0,0,0,1,0,0,0,0,0,0.0072056226626876305
1,1,0,0,13,1,0,0,1,1,0,0,0,1,54.8,731.3,0,1,0,0,1,0,0,0,0,1,0,0,0,0,0,0,0,0,0,0,0,0,0,0,0,0,1,0,0,0,0,0,0.007202835264264657
1,0,0,0,1,1,0,0,1,0,0,0,0,1,48.6,48.6,0,1,0,0,1,0,0,0,0,1,0,0,0,0,0,0,0,0,0,0,0,0,0,0,0,0,1,0,0,0,0,0,0.007198742195934585
0,1,1,0,23,1,1,0,0,0,0,0,1,0,86.8,1975.85,0,0,1,0,1,0,0,0,0,1,0,0,0,0,0,0,0,0,0,0,0,0,0,0,0,0,1,0,0,0,0,0,0.00718648141602874
1,0,0,0,30,1,1,0,0,1,0,1,1,0,100.45,3096.9,0,0,1,0,1,0,0,0,0,1,0,0,0,0,0,0,0,0,0,0,0,0,0,0,0,0,1,0,0,0,0,0,0.007164388527852707
0,0,1,0,36,1,1,0,0,0,0,1,1,1,95.4,3474.2,0,0,1,0,1,0,0,0,0,1,0,0,0,0,0,0,0,0,0,0,0,0,0,0,0,0,1,0,0,0,0,0,0.00715730868137991
0,0,0,0,26,1,0,0,0,1,1,1,1,1,98.65,2537.0,0,0,1,0,1,0,0,0,0,1,0,0,0,0,0,0,0,0,0,0,0,0,0,0,0,0,1,0,0,0,0,0,0.00715632769733888
1,0,1,0,2,1,0,0,0,0,0,0,0,1,70.4,154.8,0,0,1,0,1,0,0,0,1,0,0,0,0,0,0,0,0,0,0,0,0,0,0,0,0,0,1,0,0,0,0,0,0.007129564511143007
0,0,0,0,20,1,1,0,0,0,1,1,1,1,98.55,2031.95,0,0,1,0,1,0,0,0,0,0,1,0,0,0,0,0,0,0,0,0,0,0,0,0,0,0,1,0,0,0,0,0,0.00711390651060755
1,0,0,0,16,1,1,0,0,0,0,0,1,1,63.05,1067.05,0,1,0,0,1,0,0,1,0,0,0,0,0,0,0,0,0,0,0,0,0,0,0,0,0,0,1,0,0,0,0,0,0.007077367814805999
0,0,0,0,15,1,1,0,1,0,1,0,1,0,95.7,1451.1,0,0,1,0,1,0,0,0,0,1,0,0,0,0,0,0,0,0,0,0,0,0,0,0,0,0,1,0,0,0,0,0,0.007071553640854592
1,0,0,0,7,1,0,0,0,0,0,0,0,1,69.85,515.45,0,0,1,0,1,0,0,1,0,0,0,0,0,0,0,0,0,0,0,0,0,0,0,0,0,0,1,0,0,0,0,0,0.007071008101409304
0,1,0,0,12,1,1,0,0,0,0,0,0,1,73.3,828.05,0,0,1,0,1,0,0,0,1,0,0,0,0,0,0,0,0,0,0,0,0,0,0,0,0,0,1,0,0,0,0,0,0.007056810884144
0,1,1,0,41,1,0,0,1,0,0,1,1,1,94.55,3851.45,0,0,1,0,1,0,0,0,0,1,0,0,0,0,0,0,0,0,0,0,0,0,0,0,0,0,1,0,0,0,0,0,0.007052190777569311
1,0,0,0,22,1,1,0,0,0,0,1,0,1,84.15,1821.95,0,0,1,0,1,0,0,1,0,0,0,0,0,0,0,0,0,0,0,0,0,0,0,0,0,0,1,0,0,0,0,0,0.007045575730326988
1,0,1,1,15,1,1,0,1,1,0,1,1,1,105.35,1559.25,0,0,1,0,1,0,0,1,0,0,0,0,0,0,0,0,0,0,0,0,0,0,0,0,0,0,1,0,0,0,0,0,0.00703654178564204
0,0,1,0,12,1,0,0,0,1,1,1,1,1,74.15,741.4,0,1,0,0,1,0,0,0,0,1,0,0,0,0,0,0,0,0,0,0,0,0,0,0,0,0,1,0,0,0,0,0,0.007032759582503326
0,1,0,0,8,1,0,0,0,0,0,0,0,1,69.95,562.7,0,0,1,0,1,0,0,0,1,0,0,0,0,0,0,0,0,0,0,0,0,0,0,0,0,0,1,0,0,0,0,0,0.007032286673327718
0,0,0,0,16,1,1,0,1,1,0,0,1,1,71.4,1212.1,0,1,0,0,1,0,0,1,0,0,0,0,0,0,0,0,0,0,0,0,0,0,0,0,0,0,1,0,0,0,0,0,0.007028200486006514
0,0,1,0,16,1,1,0,0,0,0,0,0,1,75.4,1189.4,0,0,1,0,1,0,0,0,0,1,0,0,0,0,0,0,0,0,0,0,0,0,0,0,0,0,1,0,0,0,0,0,0.007026731212470538
0,1,0,0,4,1,0,0,0,0,0,0,0,0,69.35,261.65,0,0,1,0,1,0,0,0,0,1,0,0,0,0,0,0,0,0,0,0,0,0,0,0,0,0,1,0,0,0,0,0,0.007022486694905423
0,0,0,0,22,1,0,0,1,0,0,1,1,1,93.2,2157.3,0,0,1,0,1,0,0,0,0,0,1,0,0,0,0,0,0,0,0,0,0,0,0,0,0,0,1,0,0,0,0,0,0.007003511483998532
1,0,0,0,38,1,1,0,0,1,1,1,1,1,103.65,3988.5,0,0,1,0,1,0,0,0,0,1,0,0,0,0,0,0,0,0,0,0,0,0,0,0,0,0,1,0,0,0,0,0,0.007001529134162341
0,0,0,0,2,1,0,0,0,0,0,0,0,1,71.3,157.75,0,0,1,0,1,0,0,0,1,0,0,0,0,0,0,0,0,0,0,0,0,0,0,0,0,0,1,0,0,0,0,0,0.00700009067193031
1,1,0,0,43,1,1,0,1,0,0,1,0,1,90.25,3838.75,0,0,1,0,1,0,0,0,0,1,0,0,0,0,0,0,0,0,0,0,0,0,0,0,0,0,1,0,0,0,0,0,0.006998703775216434
1,0,0,0,1,1,0,0,0,0,0,0,0,0,70.1,70.1,0,0,1,0,1,0,0,0,0,1,0,0,0,0,0,0,0,0,0,0,0,0,0,0,0,0,1,0,0,0,0,0,0.006998336605756547
1,0,0,0,2,1,0,0,0,1,0,0,1,0,60.85,111.4,0,1,0,0,1,0,0,0,0,1,0,0,0,0,0,0,0,0,0,0,0,0,0,0,0,0,1,0,0,0,0,0,0.006997607271817093
0,0,0,0,6,1,0,1,1,0,0,0,0,1,78.95,494.95,0,0,1,0,1,0,0,0,0,1,0,0,0,0,0,0,0,0,0,0,0,0,0,0,0,0,1,0,0,0,0,0,0.006990136488948792
0,0,0,0,1,1,0,0,0,0,0,0,0,1,70.6,70.6,0,0,1,0,1,0,0,0,0,0,1,0,0,0,0,0,0,0,0,0,0,0,0,0,0,0,1,0,0,0,0,0,0.006979291689945209
0,0,0,0,29,1,1,0,0,0,0,0,1,1,84.9,2516.2,0,0,1,0,1,0,0,0,0,1,0,0,0,0,0,0,0,0,0,0,0,0,0,0,0,0,1,0,0,0,0,0,0.0069749541716399265
0,0,0,0,3,1,1,0,0,0,0,0,0,0,74.5,217.45,0,0,1,0,1,0,0,0,0,1,0,0,0,0,0,0,0,0,0,0,0,0,0,0,0,0,1,0,0,0,0,0,0.006972483845418725
0,0,0,0,4,1,0,1,1,0,1,0,1,1,94.9,360.55,0,0,1,0,1,0,0,0,0,0,1,0,0,0,0,0,0,0,0,0,0,0,0,0,0,0,1,0,0,0,0,0,0.006966725665817145
1,0,1,0,2,1,0,1,0,0,1,0,0,1,80.15,194.55,0,0,1,0,1,0,0,0,0,1,0,0,0,0,0,0,0,0,0,0,0,0,0,0,0,0,1,0,0,0,0,0,0.0069652697736405705
0,0,0,0,8,1,0,0,1,0,1,1,0,1,66.65,520.95,0,1,0,0,1,0,0,0,0,1,0,0,0,0,0,0,0,0,0,0,0,0,0,0,0,0,1,0,0,0,0,0,0.006960746975360974
0,0,1,0,22,1,0,1,1,0,1,1,1,1,104.6,2180.55,0,0,1,0,1,0,0,0,0,1,0,0,0,0,0,0,0,0,0,0,0,0,0,0,0,0,1,0,0,0,0,0,0.006958006134272245
0,0,0,0,17,1,1,1,1,1,1,1,0,1,106.65,1672.1,0,0,1,0,1,0,0,1,0,0,0,0,0,0,0,0,0,0,0,0,0,0,0,0,0,0,1,0,0,0,0,0,0.006951433780170649
0,1,1,0,46,1,1,0,0,1,0,1,1,1,98.85,4564.9,0,0,1,0,1,0,0,0,0,1,0,0,0,0,0,0,0,0,0,0,0,0,0,0,0,0,1,0,0,0,0,0,0.006931746782215365
0,0,0,0,4,1,0,0,0,0,1,1,0,1,61.3,249.4,0,1,0,0,1,0,0,0,0,1,0,0,0,0,0,0,0,0,0,0,0,0,0,0,0,0,1,0,0,0,0,0,0.006922669010509675
1,1,0,0,32,1,0,0,0,0,0,1,1,0,90.95,2897.95,0,0,1,0,1,0,0,0,0,1,0,0,0,0,0,0,0,0,0,0,0,0,0,0,0,0,1,0,0,0,0,0,0.006921469630767369
1,0,0,0,2,1,0,0,0,0,0,0,0,1,45.4,80.95,0,1,0,0,1,0,0,0,0,1,0,0,0,0,0,0,0,0,0,0,0,0,0,0,0,0,1,0,0,0,0,0,0.00691909470510836
1,0,0,0,2,1,0,0,0,0,0,0,0,0,70.35,139.25,0,0,1,0,1,0,0,0,0,1,0,0,0,0,0,0,0,0,0,0,0,0,0,0,0,0,1,0,0,0,0,0,0.006917995816597308
0,0,0,0,11,1,0,0,0,1,0,0,1,0,84.8,888.75,0,0,1,0,1,0,0,0,0,1,0,0,0,0,0,0,0,0,0,0,0,0,0,0,0,0,1,0,0,0,0,0,0.006912720027606424
0,1,0,0,1,1,0,0,0,0,1,0,0,0,74.7,74.7,0,0,1,0,1,0,0,0,0,1,0,0,0,0,0,0,0,0,0,0,0,0,0,0,0,0,1,0,0,0,0,0,0.006902192878113263
0,0,0,0,20,1,1,0,0,1,0,1,0,1,90.7,1781.35,0,0,1,0,1,0,0,0,1,0,0,0,0,0,0,0,0,0,0,0,0,0,0,0,0,0,1,0,0,0,0,0,0.006886936377254775
1,0,0,0,28,1,0,0,0,0,0,0,1,1,80.6,2244.95,0,0,1,0,1,0,0,0,0,1,0,0,0,0,0,0,0,0,0,0,0,0,0,0,0,0,1,0,0,0,0,0,0.006883013406867254
0,1,1,1,29,1,1,0,0,1,0,1,1,1,103.95,2964.8,0,0,1,0,1,0,0,0,0,1,0,0,0,0,0,0,0,0,0,0,0,0,0,0,0,0,1,0,0,0,0,0,0.006873391724204823
0,0,0,0,26,1,0,0,1,0,0,1,0,1,85.75,2146.5,0,0,1,0,1,0,0,0,0,1,0,0,0,0,0,0,0,0,0,0,0,0,0,0,0,0,1,0,0,0,0,0,0.006841126822129592
0,0,1,1,8,1,0,0,0,1,0,1,1,1,94.75,759.55,0,0,1,0,1,0,0,0,0,1,0,0,0,0,0,0,0,0,0,0,0,0,0,0,0,0,1,0,0,0,0,0,0.006838930117966064
0,0,0,0,2,1,0,0,1,0,0,0,0,0,74.95,151.75,0,0,1,0,1,0,0,0,0,1,0,0,0,0,0,0,0,0,0,0,0,0,0,0,0,0,1,0,0,0,0,0,0.0068275913466909624
1,0,0,0,9,1,0,0,1,1,0,0,0,0,80.55,653.9,0,0,1,0,1,0,0,0,0,1,0,0,0,0,0,0,0,0,0,0,0,0,0,0,0,0,1,0,0,0,0,0,0.006819085524260466
1,1,0,0,11,1,1,1,0,0,0,0,0,1,55.6,580.8,0,1,0,0,1,0,0,0,0,1,0,0,0,0,0,0,0,0,0,0,0,0,0,0,0,0,1,0,0,0,0,0,0.006807656456924586
1,1,1,0,35,1,1,0,0,1,0,1,1,0,102.05,3452.55,0,0,1,0,1,0,0,1,0,0,0,0,0,0,0,0,0,0,0,0,0,0,0,0,0,0,1,0,0,0,0,0,0.006806359200556281
1,0,0,0,26,1,1,0,0,1,0,0,0,1,80.7,2193.0,0,0,1,0,1,0,0,0,0,1,0,0,0,0,0,0,0,0,0,0,0,0,0,0,0,0,1,0,0,0,0,0,0.00680378268081802
0,0,1,0,9,1,1,0,1,1,0,0,1,1,69.05,653.95,0,1,0,0,1,0,0,0,1,0,0,0,0,0,0,0,0,0,0,0,0,0,0,0,0,0,1,0,0,0,0,0,0.006801104348302208
0,0,1,0,9,1,0,0,0,1,0,1,1,1,70.05,564.4,0,1,0,0,1,0,0,0,0,0,1,0,0,0,0,0,0,0,0,0,0,0,0,0,0,0,1,0,0,0,0,0,0.006801038120189187
1,0,0,0,9,1,0,1,0,0,0,0,0,1,74.85,708.2,0,0,1,0,1,0,0,0,0,1,0,0,0,0,0,0,0,0,0,0,0,0,0,0,0,0,1,0,0,0,0,0,0.006797185201259447
1,1,0,0,50,1,1,0,0,1,1,1,1,1,104.95,5222.35,0,0,1,0,1,0,0,0,0,1,0,0,0,0,0,0,0,0,0,0,0,0,0,0,0,0,1,0,0,0,0,0,0.00678740252081415
0,1,1,0,27,1,1,0,1,1,1,1,1,1,84.8,2309.55,0,1,0,0,1,0,0,1,0,0,0,0,0,0,0,0,0,0,0,0,0,0,0,0,0,0,1,0,0,0,0,0,0.006783865262396413
0,0,0,0,39,1,1,1,1,0,0,1,1,1,106.4,4040.65,0,0,1,0,1,0,0,0,0,1,0,0,0,0,0,0,0,0,0,0,0,0,0,0,0,0,1,0,0,0,0,0,0.00678283815579036
1,0,1,0,21,1,0,0,0,0,1,1,0,1,86.05,1818.9,0,0,1,0,1,0,0,0,0,1,0,0,0,0,0,0,0,0,0,0,0,0,0,0,0,0,1,0,0,0,0,0,0.006780036911755165
1,0,1,0,10,1,0,0,0,1,0,1,1,1,67.8,653.15,0,1,0,0,1,0,0,0,1,0,0,0,0,0,0,0,0,0,0,0,0,0,0,0,0,0,1,0,0,0,0,0,0.006775446204964959
1,0,1,0,1,1,0,0,0,0,0,0,0,1,45.0,45.0,0,1,0,0,1,0,0,0,0,1,0,0,0,0,0,0,0,0,0,0,0,0,0,0,0,0,1,0,0,0,0,0,0.006771703475462338
1,1,0,0,26,1,1,0,0,0,1,0,1,1,66.05,1652.4,0,1,0,0,1,0,0,0,0,1,0,0,0,0,0,0,0,0,0,0,0,0,0,0,0,0,1,0,0,0,0,0,0.006771203222676609
1,0,0,0,18,1,0,0,0,0,0,0,0,1,71.1,1247.75,0,0,1,0,1,0,0,0,0,1,0,0,0,0,0,0,0,0,0,0,0,0,0,0,0,0,1,0,0,0,0,0,0.0067675691104755395
0,0,0,0,3,1,0,0,0,1,0,0,1,0,85.7,256.75,0,0,1,0,1,0,0,0,1,0,0,0,0,0,0,0,0,0,0,0,0,0,0,0,0,0,1,0,0,0,0,0,0.006760689690594614
0,0,0,0,25,1,0,1,0,1,1,1,1,1,105.5,2686.05,0,0,1,0,1,0,0,0,0,1,0,0,0,0,0,0,0,0,0,0,0,0,0,0,0,0,1,0,0,0,0,0,0.0067545544947109045
0,0,0,0,8,1,0,1,0,1,0,0,1,1,66.7,579.0,0,1,0,0,1,0,0,0,0,1,0,0,0,0,0,0,0,0,0,0,0,0,0,0,0,0,1,0,0,0,0,0,0.006754149351516294
1,0,1,0,7,1,0,0,0,0,0,0,0,1,69.2,477.55,0,0,1,0,1,0,0,1,0,0,0,0,0,0,0,0,0,0,0,0,0,0,0,0,0,0,1,0,0,0,0,0,0.006747110545078787
0,0,1,0,33,1,1,0,1,1,0,0,1,1,93.35,3092.0,0,0,1,0,1,0,0,0,0,1,0,0,0,0,0,0,0,0,0,0,0,0,0,0,0,0,1,0,0,0,0,0,0.0067440813085933105
0,0,0,0,13,1,0,0,0,0,0,0,0,1,70.15,931.75,0,0,1,0,1,0,0,0,0,1,0,0,0,0,0,0,0,0,0,0,0,0,0,0,0,0,1,0,0,0,0,0,0.00672927747699827
0,0,0,0,2,1,0,0,0,0,1,1,1,0,70.3,132.4,0,1,0,0,1,0,0,0,0,1,0,0,0,0,0,0,0,0,0,0,0,0,0,0,0,0,1,0,0,0,0,0,0.006722638984123724
1,1,0,0,3,1,0,0,0,1,0,0,0,0,75.05,202.9,0,0,1,0,1,0,0,0,0,0,1,0,0,0,0,0,0,0,0,0,0,0,0,0,0,0,1,0,0,0,0,0,0.006702476780203284
0,0,0,0,5,1,0,0,1,0,0,0,0,1,51.35,262.3,0,1,0,0,1,0,0,0,0,1,0,0,0,0,0,0,0,0,0,0,0,0,0,0,0,0,1,0,0,0,0,0,0.006700191225821395
0,1,0,0,52,1,1,0,1,1,1,1,1,1,110.75,5832.0,0,0,1,0,1,0,0,0,0,1,0,0,0,0,0,0,0,0,0,0,0,0,0,0,0,0,1,0,0,0,0,0,0.006691465040839364
0,0,1,1,9,1,0,0,1,0,1,1,1,1,101.5,906.85,0,0,1,0,1,0,0,0,0,1,0,0,0,0,0,0,0,0,0,0,0,0,0,0,0,0,1,0,0,0,0,0,0.006691225314727529
1,0,0,0,8,1,0,0,1,0,0,0,0,0,75.6,535.55,0,0,1,0,1,0,0,0,0,1,0,0,0,0,0,0,0,0,0,0,0,0,0,0,0,0,1,0,0,0,0,0,0.006689080254162747
1,0,0,0,2,0,0,0,1,0,0,1,1,0,51.4,96.8,0,1,0,0,1,0,0,0,0,1,0,0,0,0,0,0,0,0,0,0,0,0,0,0,0,0,1,0,0,0,0,0,0.0066775324526983735
0,0,0,0,3,1,0,0,0,0,0,0,0,1,70.3,220.4,0,0,1,0,1,0,0,0,0,0,1,0,0,0,0,0,0,0,0,0,0,0,0,0,0,0,1,0,0,0,0,0,0.006677119106244521
1,1,1,0,36,1,1,0,1,0,0,1,0,1,91.95,3301.05,0,0,1,0,1,0,0,0,1,0,0,0,0,0,0,0,0,0,0,0,0,0,0,0,0,0,1,0,0,0,0,0,0.006668484451309601
1,0,1,1,10,1,0,0,0,0,0,1,1,1,88.85,929.45,0,0,1,0,1,0,0,0,0,1,0,0,0,0,0,0,0,0,0,0,0,0,0,0,0,0,1,0,0,0,0,0,0.00665778443989309
0,0,0,0,3,1,0,0,0,1,0,0,0,1,73.6,232.5,0,0,1,0,1,0,0,0,1,0,0,0,0,0,0,0,0,0,0,0,0,0,0,0,0,0,1,0,0,0,0,0,0.006648905049025986
1,0,1,0,2,1,0,0,0,0,0,0,0,1,45.0,89.75,0,1,0,0,1,0,0,0,0,1,0,0,0,0,0,0,0,0,0,0,0,0,0,0,0,0,1,0,0,0,0,0,0.006648423578452016
0,0,0,0,10,1,1,0,1,0,0,0,0,0,79.85,797.25,0,0,1,0,1,0,0,0,0,1,0,0,0,0,0,0,0,0,0,0,0,0,0,0,0,0,1,0,0,0,0,0,0.0066435202670049286
1,0,1,0,1,1,0,0,0,0,0,1,0,1,55.3,55.3,0,1,0,0,1,0,0,0,0,0,1,0,0,0,0,0,0,0,0,0,0,0,0,0,0,0,1,0,0,0,0,0,0.0066389575259787155
0,0,0,0,18,1,0,0,1,1,0,1,1,0,101.3,1794.65,0,0,1,0,1,0,0,0,1,0,0,0,0,0,0,0,0,0,0,0,0,0,0,0,0,0,1,0,0,0,0,0,0.006636651191236742
1,1,0,0,7,1,0,0,1,0,0,0,0,1,51.3,419.35,0,1,0,0,1,0,0,0,0,0,1,0,0,0,0,0,0,0,0,0,0,0,0,0,0,0,1,0,0,0,0,0,0.0066347804659881195
0,1,0,0,31,1,1,0,0,1,1,1,0,1,96.6,2877.95,0,0,1,0,1,0,0,1,0,0,0,0,0,0,0,0,0,0,0,0,0,0,0,0,0,0,1,0,0,0,0,0,0.006633745910818305
1,1,1,0,26,1,0,0,0,1,0,1,0,1,85.7,2067.0,0,0,1,0,1,0,0,0,1,0,0,0,0,0,0,0,0,0,0,0,0,0,0,0,0,0,1,0,0,0,0,0,0.006627940149594319
1,1,0,0,23,1,1,0,0,1,0,0,0,1,79.35,1835.3,0,0,1,0,1,0,0,0,0,0,1,0,0,0,0,0,0,0,0,0,0,0,0,0,0,0,1,0,0,0,0,0,0.006627407667383153
1,0,0,0,5,0,0,0,1,0,0,1,1,1,50.95,229.4,0,1,0,0,1,0,0,0,1,0,0,0,0,0,0,0,0,0,0,0,0,0,0,0,0,0,1,0,0,0,0,0,0.006617372073836074
0,1,1,0,35,1,1,1,1,0,0,0,1,1,94.55,3365.4,0,0,1,0,1,0,0,0,0,1,0,0,0,0,0,0,0,0,0,0,0,0,0,0,0,0,1,0,0,0,0,0,0.0066172671858499305
1,0,0,0,11,1,1,0,0,0,0,0,0,0,75.25,888.65,0,0,1,0,1,0,0,0,0,1,0,0,0,0,0,0,0,0,0,0,0,0,0,0,0,0,1,0,0,0,0,0,0.006611867652799841
1,0,1,0,20,1,0,1,1,0,1,1,0,1,96.55,1901.65,0,0,1,0,1,0,0,0,0,1,0,0,0,0,0,0,0,0,0,0,0,0,0,0,0,0,1,0,0,0,0,0,0.006611551856811043
0,0,0,0,29,1,0,0,0,0,1,1,1,1,94.2,2607.6,0,0,1,0,1,0,0,0,0,1,0,0,0,0,0,0,0,0,0,0,0,0,0,0,0,0,1,0,0,0,0,0,0.006610283653207011
0,0,0,0,5,1,0,0,1,0,1,0,1,1,65.6,339.9,0,1,0,0,1,0,0,1,0,0,0,0,0,0,0,0,0,0,0,0,0,0,0,0,0,0,1,0,0,0,0,0,0.006606661711973984
1,0,0,0,7,1,0,0,0,0,0,0,0,1,69.9,497.3,0,0,1,0,1,0,0,0,0,0,1,0,0,0,0,0,0,0,0,0,0,0,0,0,0,0,1,0,0,0,0,0,0.006598948595038347
0,0,0,0,20,1,0,1,1,1,1,1,1,1,108.2,2203.7,0,0,1,0,1,0,0,1,0,0,0,0,0,0,0,0,0,0,0,0,0,0,0,0,0,0,1,0,0,0,0,0,0.006585072254232276
1,0,1,0,47,1,1,0,0,1,0,1,1,1,100.5,4707.1,0,0,1,0,1,0,0,0,0,1,0,0,0,0,0,0,0,0,0,0,0,0,0,0,0,0,1,0,0,0,0,0,0.006581355784137202
0,0,0,0,2,1,1,1,0,0,0,0,1,0,90.75,174.75,0,0,1,0,1,0,0,0,0,0,1,0,0,0,0,0,0,0,0,0,0,0,0,0,0,0,1,0,0,0,0,0,0.006573935496318122
1,1,1,0,60,1,1,0,1,1,0,1,1,1,105.9,6401.25,0,0,1,0,1,0,0,0,0,1,0,0,0,0,0,0,0,0,0,0,0,0,0,0,0,0,1,0,0,0,0,0,0.006573069214461579
1,0,0,0,4,1,1,0,0,0,1,1,0,1,64.4,253.0,0,1,0,0,1,0,0,0,0,0,1,0,0,0,0,0,0,0,0,0,0,0,0,0,0,0,1,0,0,0,0,0,0.006570591891736645
1,0,0,0,24,1,1,0,0,1,0,1,0,1,88.95,2072.75,0,0,1,0,1,0,0,0,1,0,0,0,0,0,0,0,0,0,0,0,0,0,0,0,0,0,1,0,0,0,0,0,0.006567248408465541
1,1,1,1,32,1,1,0,1,0,0,1,1,1,100.4,3217.65,0,0,1,0,1,0,0,0,0,1,0,0,0,0,0,0,0,0,0,0,0,0,0,0,0,0,1,0,0,0,0,0,0.006562113447434668
0,0,1,0,17,1,1,0,1,0,0,0,0,1,80.5,1336.9,0,0,1,0,1,0,0,1,0,0,0,0,0,0,0,0,0,0,0,0,0,0,0,0,0,0,1,0,0,0,0,0,0.006557005105190267
0,0,0,0,3,1,0,0,0,0,0,0,0,1,69.6,207.4,0,0,1,0,1,0,0,0,0,0,1,0,0,0,0,0,0,0,0,0,0,0,0,0,0,0,1,0,0,0,0,0,0.00655344767700891
0,0,1,1,1,1,0,0,0,0,0,0,1,1,81.05,81.05,0,0,1,0,1,0,0,0,0,1,0,0,0,0,0,0,0,0,0,0,0,0,0,0,0,0,1,0,0,0,0,0,0.00654674677842312
0,0,1,0,4,1,1,0,0,1,0,1,0,0,65.6,250.1,0,1,0,0,1,0,0,0,0,1,0,0,0,0,0,0,0,0,0,0,0,0,0,0,0,0,1,0,0,0,0,0,0.006537864456597564
1,0,0,0,18,1,0,0,0,0,0,0,0,1,69.8,1221.65,0,0,1,0,1,0,0,0,0,1,0,0,0,0,0,0,0,0,0,0,0,0,0,0,0,0,1,0,0,0,0,0,0.00653654469215149
0,0,1,0,32,1,1,0,1,0,0,1,1,1,98.85,3145.9,0,0,1,0,1,0,0,0,1,0,0,0,0,0,0,0,0,0,0,0,0,0,0,0,0,0,1,0,0,0,0,0,0.006535475001366745
1,0,1,0,13,1,1,1,1,0,1,1,0,1,76.2,981.45,0,1,0,0,1,0,0,0,0,1,0,0,0,0,0,0,0,0,0,0,0,0,0,0,0,0,1,0,0,0,0,0,0.006513679826186241
0,1,1,0,33,1,1,1,0,1,1,1,1,1,109.9,3694.7,0,0,1,0,1,0,0,1,0,0,0,0,0,0,0,0,0,0,0,0,0,0,0,0,0,0,1,0,0,0,0,0,0.00648442140328328
1,0,0,0,27,1,0,0,0,1,1,0,1,1,89.2,2383.6,0,0,1,0,1,0,0,0,0,1,0,0,0,0,0,0,0,0,0,0,0,0,0,0,0,0,1,0,0,0,0,0,0.006479853243353401
0,0,0,0,44,1,1,1,1,1,0,1,1,1,111.5,4915.15,0,0,1,0,1,0,0,0,0,1,0,0,0,0,0,0,0,0,0,0,0,0,0,0,0,0,1,0,0,0,0,0,0.0064781812081005285
1,0,0,0,11,1,1,0,0,0,0,0,1,1,58.95,601.6,0,1,0,0,1,0,0,0,0,0,1,0,0,0,0,0,0,0,0,0,0,0,0,0,0,0,1,0,0,0,0,0,0.006473728340665814
1,0,0,0,29,1,1,0,0,1,0,1,1,0,100.55,2878.75,0,0,1,0,1,0,0,1,0,0,0,0,0,0,0,0,0,0,0,0,0,0,0,0,0,0,1,0,0,0,0,0,0.0064600430897854225
0,0,0,0,1,1,0,0,0,0,0,0,0,1,44.8,44.8,0,1,0,0,1,0,0,0,0,1,0,0,0,0,0,0,0,0,0,0,0,0,0,0,0,0,1,0,0,0,0,0,0.006457018715930066
0,0,0,0,1,1,0,0,0,0,0,0,0,1,44.75,44.75,0,1,0,0,1,0,0,0,0,1,0,0,0,0,0,0,0,0,0,0,0,0,0,0,0,0,1,0,0,0,0,0,0.006448442742645049
1,0,0,0,5,1,0,0,0,0,1,0,0,1,75.65,399.45,0,0,1,0,1,0,0,0,0,0,1,0,0,0,0,0,0,0,0,0,0,0,0,0,0,0,1,0,0,0,0,0,0.006437932638728965
1,0,0,0,20,1,1,1,0,0,0,1,0,1,89.1,1879.25,0,0,1,0,1,0,0,1,0,0,0,0,0,0,0,0,0,0,0,0,0,0,0,0,0,0,1,0,0,0,0,0,0.006437588881803476
0,0,1,0,12,1,0,1,1,1,0,0,0,1,84.6,959.9,0,0,1,0,1,0,0,0,0,1,0,0,0,0,0,0,0,0,0,0,0,0,0,0,0,0,1,0,0,0,0,0,0.006436926458731539
1,0,1,1,3,1,0,0,0,0,0,1,0,1,80.7,239.45,0,0,1,0,1,0,0,0,0,1,0,0,0,0,0,0,0,0,0,0,0,0,0,0,0,0,1,0,0,0,0,0,0.006429523678299529
0,0,0,0,16,1,1,0,1,0,0,0,0,1,80.55,1248.9,0,0,1,0,1,0,0,0,0,0,1,0,0,0,0,0,0,0,0,0,0,0,0,0,0,0,1,0,0,0,0,0,0.0064170638908003265
1,0,0,0,1,1,0,0,0,0,1,0,0,1,49.9,49.9,0,1,0,0,1,0,0,0,0,1,0,0,0,0,0,0,0,0,0,0,0,0,0,0,0,0,1,0,0,0,0,0,0.00641196985609297
1,1,1,0,25,1,0,0,0,0,0,0,0,1,69.3,1813.1,0,0,1,0,1,0,0,0,0,1,0,0,0,0,0,0,0,0,0,0,0,0,0,0,0,0,1,0,0,0,0,0,0.00641034515145717
0,0,1,0,45,1,1,0,1,1,0,1,1,1,107.75,4882.8,0,0,1,0,1,0,0,1,0,0,0,0,0,0,0,0,0,0,0,0,0,0,0,0,0,0,1,0,0,0,0,0,0.0064037096700591736
1,1,1,0,3,0,0,0,1,0,0,0,0,1,30.75,82.85,0,1,0,0,1,0,0,0,0,1,0,0,0,0,0,0,0,0,0,0,0,0,0,0,0,0,1,0,0,0,0,0,0.00640196684261093
0,0,0,0,30,1,1,1,0,0,0,1,1,1,100.4,2936.25,0,0,1,0,1,0,0,1,0,0,0,0,0,0,0,0,0,0,0,0,0,0,0,0,0,0,1,0,0,0,0,0,0.006396314524779868
1,0,0,0,11,1,1,1,0,0,0,0,0,1,79.0,929.3,0,0,1,0,1,0,0,1,0,0,0,0,0,0,0,0,0,0,0,0,0,0,0,0,0,0,1,0,0,0,0,0,0.006392256734100673
1,0,0,0,19,1,0,0,0,0,0,0,1,1,56.2,1093.4,0,1,0,0,1,0,0,0,0,1,0,0,0,0,0,0,0,0,0,0,0,0,0,0,0,0,1,0,0,0,0,0,0.006391061734583846
0,0,0,0,22,1,0,0,1,1,1,0,1,1,94.95,2142.8,0,0,1,0,1,0,0,1,0,0,0,0,0,0,0,0,0,0,0,0,0,0,0,0,0,0,1,0,0,0,0,0,0.006388505041378783
0,0,1,0,18,1,1,0,0,0,0,0,0,1,73.15,1305.95,0,0,1,0,1,0,0,0,0,1,0,0,0,0,0,0,0,0,0,0,0,0,0,0,0,0,1,0,0,0,0,0,0.006381490592493996
1,0,0,0,8,1,0,1,0,0,0,1,0,1,60.0,487.75,0,1,0,0,1,0,0,0,0,1,0,0,0,0,0,0,0,0,0,0,0,0,0,0,0,0,1,0,0,0,0,0,0.00638128423444824
1,1,1,0,52,1,1,1,1,1,0,1,1,1,109.1,5647.95,0,0,1,0,1,0,0,0,0,1,0,0,0,0,0,0,0,0,0,0,0,0,0,0,0,0,1,0,0,0,0,0,0.006375280005245989
0,0,0,0,3,1,1,0,0,0,1,1,0,1,65.25,209.9,0,1,0,0,1,0,0,0,0,0,1,0,0,0,0,0,0,0,0,0,0,0,0,0,0,0,1,0,0,0,0,0,0.0063722378749227005
0,0,0,0,17,1,0,0,0,0,0,0,0,1,70.8,1207.0,0,0,1,0,1,0,0,0,0,1,0,0,0,0,0,0,0,0,0,0,0,0,0,0,0,0,1,0,0,0,0,0,0.006365884290393278
1,0,0,0,3,1,1,0,0,0,1,1,0,0,64.6,174.2,0,1,0,0,1,0,0,0,0,1,0,0,0,0,0,0,0,0,0,0,0,0,0,0,0,0,1,0,0,0,0,0,0.00636254525826456
1,0,1,1,16,1,1,1,0,1,1,1,1,1,112.95,1882.55,0,0,1,0,1,0,0,0,0,1,0,0,0,0,0,0,0,0,0,0,0,0,0,0,0,0,1,0,0,0,0,0,0.006360257972647766
0,1,0,0,1,1,0,0,0,0,0,0,0,1,45.85,45.85,0,1,0,0,1,0,0,0,0,0,1,0,0,0,0,0,0,0,0,0,0,0,0,0,0,0,1,0,0,0,0,0,0.006354817518457331
0,1,0,0,4,1,0,1,0,0,0,0,0,0,75.35,273.4,0,0,1,0,1,0,0,0,0,1,0,0,0,0,0,0,0,0,0,0,0,0,0,0,0,0,1,0,0,0,0,0,0.006353514875816885
0,0,1,0,13,1,1,1,0,0,0,0,1,1,65.85,902.25,0,1,0,0,1,0,0,0,0,1,0,0,0,0,0,0,0,0,0,0,0,0,0,0,0,0,1,0,0,0,0,0,0.006352566676754869
0,0,1,0,47,1,1,0,1,1,0,1,1,1,104.1,5135.15,0,0,1,0,1,0,0,0,0,1,0,0,0,0,0,0,0,0,0,0,0,0,0,0,0,0,1,0,0,0,0,0,0.006344625939527102
0,0,1,1,9,1,1,0,1,1,0,1,1,1,102.6,897.75,0,0,1,0,1,0,0,0,1,0,0,0,0,0,0,0,0,0,0,0,0,0,0,0,0,0,1,0,0,0,0,0,0.006333743454636425
0,0,1,0,22,1,0,0,0,1,0,1,0,1,87.0,1850.65,0,0,1,0,1,0,0,1,0,0,0,0,0,0,0,0,0,0,0,0,0,0,0,0,0,0,1,0,0,0,0,0,0.006331918104098043
0,1,0,0,38,1,1,0,0,0,0,1,1,0,94.75,3653.0,0,0,1,0,1,0,0,0,0,1,0,0,0,0,0,0,0,0,0,0,0,0,0,0,0,0,1,0,0,0,0,0,0.006326099351805577
0,0,0,0,9,1,0,0,0,0,1,1,0,0,86.25,770.5,0,0,1,0,1,0,0,0,0,1,0,0,0,0,0,0,0,0,0,0,0,0,0,0,0,0,1,0,0,0,0,0,0.0063252701613702505
0,1,0,0,56,1,1,0,0,1,0,1,1,1,101.05,5594.0,0,0,1,0,1,0,0,0,0,1,0,0,0,0,0,0,0,0,0,0,0,0,0,0,0,0,1,0,0,0,0,0,0.006324976364306719
0,0,0,0,27,1,1,0,0,1,0,0,0,1,81.3,2272.8,0,0,1,0,1,0,0,0,0,1,0,0,0,0,0,0,0,0,0,0,0,0,0,0,0,0,1,0,0,0,0,0,0.006319773375179305
1,0,0,0,3,1,0,0,0,1,0,1,1,1,69.95,220.45,0,1,0,0,0,1,0,0,0,1,0,0,0,0,0,0,0,0,0,0,0,0,0,0,0,0,1,0,0,0,0,0,0.006318627859574316
0,0,0,0,15,1,1,1,0,0,0,1,0,1,87.75,1242.2,0,0,1,0,1,0,0,1,0,0,0,0,0,0,0,0,0,0,0,0,0,0,0,0,0,0,1,0,0,0,0,0,0.006318312955891934
0,0,0,0,21,1,1,0,0,0,0,0,0,1,73.7,1558.7,0,0,1,0,1,0,0,0,0,1,0,0,0,0,0,0,0,0,0,0,0,0,0,0,0,0,1,0,0,0,0,0,0.006316225568634109
1,0,1,0,2,1,0,0,0,1,0,1,1,0,69.0,147.8,0,1,0,0,1,0,0,0,1,0,0,0,0,0,0,0,0,0,0,0,0,0,0,0,0,0,1,0,0,0,0,0,0.006308702923209719
1,0,0,0,16,1,1,0,0,0,0,0,0,1,74.75,1129.35,0,0,1,0,1,0,0,0,1,0,0,0,0,0,0,0,0,0,0,0,0,0,0,0,0,0,1,0,0,0,0,0,0.006308319054274994
1,0,1,0,2,1,0,1,0,0,0,0,1,1,62.15,113.1,0,1,0,0,1,0,0,0,0,0,1,0,0,0,0,0,0,0,0,0,0,0,0,0,0,0,1,0,0,0,0,0,0.006304102219111224
0,0,0,0,4,1,0,0,0,0,0,0,1,1,55.3,238.5,0,1,0,0,1,0,0,0,0,0,1,0,0,0,0,0,0,0,0,0,0,0,0,0,0,0,1,0,0,0,0,0,0.006296972824962778
1,0,0,0,25,1,1,0,0,0,0,1,0,1,84.6,2088.05,0,0,1,0,1,0,0,0,0,0,1,0,0,0,0,0,0,0,0,0,0,0,0,0,0,0,1,0,0,0,0,0,0.006296035196510075
0,0,0,0,4,1,0,0,0,0,0,0,0,1,45.9,199.75,0,1,0,0,1,0,0,0,0,1,0,0,0,0,0,0,0,0,0,0,0,0,0,0,0,0,1,0,0,0,0,0,0.0062928743196819376
0,0,0,0,11,1,0,0,1,0,0,0,0,1,75.9,866.4,0,0,1,0,1,0,0,0,0,0,1,0,0,0,0,0,0,0,0,0,0,0,0,0,0,0,1,0,0,0,0,0,0.006288781263376978
0,0,0,0,10,1,0,0,0,0,0,0,1,1,56.75,503.25,0,1,0,0,1,0,0,1,0,0,0,0,0,0,0,0,0,0,0,0,0,0,0,0,0,0,1,0,0,0,0,0,0.00628784708116889
1,0,0,0,33,1,1,1,0,0,0,0,1,1,90.65,2989.6,0,0,1,0,1,0,0,0,0,1,0,0,0,0,0,0,0,0,0,0,0,0,0,0,0,0,1,0,0,0,0,0,0.006270128183803349
1,1,1,0,27,1,1,0,1,1,1,1,1,0,83.85,2310.2,0,1,0,0,1,0,0,0,0,1,0,0,0,0,0,0,0,0,0,0,0,0,0,0,0,0,1,0,0,0,0,0,0.006265241732221055
1,0,0,0,7,1,0,0,1,0,0,1,1,1,94.05,633.45,0,0,1,0,0,1,0,0,0,0,1,0,0,0,0,0,0,0,0,0,0,0,0,0,0,0,1,0,0,0,0,0,0.0062636566570789835
0,0,1,0,36,1,1,0,0,0,0,1,1,1,95.0,3440.25,0,0,1,0,1,0,0,1,0,0,0,0,0,0,0,0,0,0,0,0,0,0,0,0,0,0,1,0,0,0,0,0,0.00625899471256174
0,0,1,0,29,1,1,0,1,1,0,0,0,1,85.8,2440.25,0,0,1,0,1,0,0,0,0,1,0,0,0,0,0,0,0,0,0,0,0,0,0,0,0,0,1,0,0,0,0,0,0.006258084189177261
0,1,0,0,7,0,0,0,1,0,1,0,1,1,44.4,265.8,0,1,0,0,1,0,0,0,0,1,0,0,0,0,0,0,0,0,0,0,0,0,0,0,0,0,1,0,0,0,0,0,0.006255907622729512
1,0,0,0,5,1,1,1,0,0,0,0,0,1,53.8,283.95,0,1,0,0,1,0,0,0,0,1,0,0,0,0,0,0,0,0,0,0,0,0,0,0,0,0,1,0,0,0,0,0,0.006237393422901215
0,0,0,0,15,1,0,0,0,1,0,1,0,0,85.3,1219.85,0,0,1,0,1,0,0,0,0,1,0,0,0,0,0,0,0,0,0,0,0,0,0,0,0,0,1,0,0,0,0,0,0.006234687069231204
0,0,0,0,10,1,1,0,0,0,0,0,0,0,75.05,786.3,0,0,1,0,1,0,0,0,0,1,0,0,0,0,0,0,0,0,0,0,0,0,0,0,0,0,1,0,0,0,0,0,0.006233053488779702
1,0,0,0,12,1,1,0,0,0,1,0,0,1,79.55,958.25,0,0,1,0,1,0,0,0,1,0,0,0,0,0,0,0,0,0,0,0,0,0,0,0,0,0,1,0,0,0,0,0,0.006226373700097875
1,0,1,1,5,1,0,0,0,0,0,1,0,1,80.85,356.1,0,0,1,0,1,0,0,0,0,1,0,0,0,0,0,0,0,0,0,0,0,0,0,0,0,0,1,0,0,0,0,0,0.006223481937024636
0,0,0,0,1,1,0,0,0,0,1,0,0,1,74.3,74.3,0,0,1,0,1,0,0,0,0,0,1,0,0,0,0,0,0,0,0,0,0,0,0,0,0,0,1,0,0,0,0,0,0.0062159463223572225
